FlightDate,TailNum,FlightNum,OriginAirportID,OriginAirportSeqID,OriginCityMarketID,Origin,OriginState,OriginStateFips,OriginWac,DestAirportID,DestAirportSeqID,DestCityMarketID,DestStateName
2012/12/20,N631MQ,4285,10821,1082103,30852,BWI,MD,24,35,13930,1393002,30977,Illinois
2012/12/21,N679MQ,4285,10821,1082103,30852,BWI,MD,24,35,13930,1393002,30977,Illinois
2012/12/22,N942MQ,4285,10821,1082103,30852,BWI,MD,24,35,13930,1393002,30977,Illinois
2012/12/26,N617MQ,4285,10821,1082103,30852,BWI,MD,24,35,13930,1393002,30977,Illinois
2012/12/27,N673MQ,4285,10821,1082103,30852,BWI,MD,24,35,13930,1393002,30977,Illinois
2012/12/28,N660MQ,4285,10821,1082103,30852,BWI,MD,24,35,13930,1393002,30977,Illinois
2012/12/29,N653MQ,4285,10821,1082103,30852,BWI,MD,24,35,13930,1393002,30977,Illinois
2012/12/1,N695MQ,4286,11042,1104202,30647,CLE,OH,39,44,13930,1393002,30977,Illinois
2012/12/3,N932MQ,4286,11042,1104202,30647,CLE,OH,39,44,13930,1393002,30977,Illinois
2012/12/4,N603MQ,4286,11042,1104202,30647,CLE,OH,39,44,13930,1393002,30977,Illinois
2012/12/5,N827MQ,4286,11042,1104202,30647,CLE,OH,39,44,13930,1393002,30977,Illinois
2012/12/6,N632MQ,4286,11042,1104202,30647,CLE,OH,39,44,13930,1393002,30977,Illinois
2012/12/7,N618MQ,4286,11042,1104202,30647,CLE,OH,39,44,13930,1393002,30977,Illinois
2012/12/8,N680MQ,4286,11042,1104202,30647,CLE,OH,39,44,13930,1393002,30977,Illinois
2012/12/10,N609MQ,4286,11042,1104202,30647,CLE,OH,39,44,13930,1393002,30977,Illinois
2012/12/11,N615MQ,4286,11042,1104202,30647,CLE,OH,39,44,13930,1393002,30977,Illinois
2012/12/12,N614MQ,4286,11042,1104202,30647,CLE,OH,39,44,13930,1393002,30977,Illinois
2012/12/13,N628MQ,4286,11042,1104202,30647,CLE,OH,39,44,13930,1393002,30977,Illinois
2012/12/14,N922MQ,4286,11042,1104202,30647,CLE,OH,39,44,13930,1393002,30977,Illinois
2012/12/15,N680MQ,4286,11042,1104202,30647,CLE,OH,39,44,13930,1393002,30977,Illinois
2012/12/17,N603MQ,4286,11042,1104202,30647,CLE,OH,39,44,13930,1393002,30977,Illinois
2012/12/18,N670MQ,4286,11042,1104202,30647,CLE,OH,39,44,13930,1393002,30977,Illinois
2012/12/19,N619MQ,4286,11042,1104202,30647,CLE,OH,39,44,13930,1393002,30977,Illinois
2012/12/20,N615MQ,4286,11042,1104202,30647,CLE,OH,39,44,13930,1393002,30977,Illinois
2012/12/21,N610MQ,4286,11042,1104202,30647,CLE,OH,39,44,13930,1393002,30977,Illinois
2012/12/22,N902MQ,4286,11042,1104202,30647,CLE,OH,39,44,13930,1393002,30977,Illinois
2012/12/26,N612MQ,4286,11042,1104202,30647,CLE,OH,39,44,13930,1393002,30977,Illinois
2012/12/27,N942MQ,4286,11042,1104202,30647,CLE,OH,39,44,13930,1393002,30977,Illinois
2012/12/28,N603MQ,4286,11042,1104202,30647,CLE,OH,39,44,13930,1393002,30977,Illinois
2012/12/29,N617MQ,4286,11042,1104202,30647,CLE,OH,39,44,13930,1393002,30977,Illinois
2012/12/2,N832MQ,4288,11433,1143302,31295,DTW,MI,26,43,13930,1393002,30977,Illinois
2012/12/3,N856MQ,4288,11433,1143302,31295,DTW,MI,26,43,13930,1393002,30977,Illinois
2012/12/4,N814MQ,4288,11433,1143302,31295,DTW,MI,26,43,13930,1393002,30977,Illinois
2012/12/5,N827MQ,4288,11433,1143302,31295,DTW,MI,26,43,13930,1393002,30977,Illinois
2012/12/6,N805MQ,4288,11433,1143302,31295,DTW,MI,26,43,13930,1393002,30977,Illinois
2012/12/7,N854MQ,4288,11433,1143302,31295,DTW,MI,26,43,13930,1393002,30977,Illinois
2012/12/9,N840MQ,4288,11433,1143302,31295,DTW,MI,26,43,13930,1393002,30977,Illinois
2012/12/10,N813MQ,4288,11433,1143302,31295,DTW,MI,26,43,13930,1393002,30977,Illinois
2012/12/11,N839MQ,4288,11433,1143302,31295,DTW,MI,26,43,13930,1393002,30977,Illinois
2012/12/12,N849MQ,4288,11433,1143302,31295,DTW,MI,26,43,13930,1393002,30977,Illinois
2012/12/13,N824MQ,4288,11433,1143302,31295,DTW,MI,26,43,13930,1393002,30977,Illinois
2012/12/14,N815MQ,4288,11433,1143302,31295,DTW,MI,26,43,13930,1393002,30977,Illinois
2012/12/16,N800MQ,4288,11433,1143302,31295,DTW,MI,26,43,13930,1393002,30977,Illinois
2012/12/17,N816MQ,4288,11433,1143302,31295,DTW,MI,26,43,13930,1393002,30977,Illinois
2012/12/18,N834MQ,4288,11433,1143302,31295,DTW,MI,26,43,13930,1393002,30977,Illinois
2012/12/19,N856MQ,4288,11433,1143302,31295,DTW,MI,26,43,13930,1393002,30977,Illinois
2012/12/20,N856MQ,4288,11433,1143302,31295,DTW,MI,26,43,13930,1393002,30977,Illinois
2012/12/21,N856MQ,4288,11433,1143302,31295,DTW,MI,26,43,13930,1393002,30977,Illinois
2012/12/23,N814MQ,4288,11433,1143302,31295,DTW,MI,26,43,13930,1393002,30977,Illinois
2012/12/26,N846MQ,4288,11433,1143302,31295,DTW,MI,26,43,13930,1393002,30977,Illinois
2012/12/27,N837MQ,4288,11433,1143302,31295,DTW,MI,26,43,13930,1393002,30977,Illinois
2012/12/28,N824MQ,4288,11433,1143302,31295,DTW,MI,26,43,13930,1393002,30977,Illinois
2012/12/30,N923MQ,4288,11433,1143302,31295,DTW,MI,26,43,13930,1393002,30977,Illinois
2012/12/1,N694MQ,4289,11042,1104202,30647,CLE,OH,39,44,13930,1393002,30977,Illinois
2012/12/2,N670MQ,4289,11042,1104202,30647,CLE,OH,39,44,13930,1393002,30977,Illinois
2012/12/3,N661MQ,4289,11042,1104202,30647,CLE,OH,39,44,13930,1393002,30977,Illinois
2012/12/4,N627MQ,4289,11042,1104202,30647,CLE,OH,39,44,13930,1393002,30977,Illinois
2012/12/5,N601MQ,4289,11042,1104202,30647,CLE,OH,39,44,13930,1393002,30977,Illinois
2012/12/6,N615MQ,4289,11042,1104202,30647,CLE,OH,39,44,13930,1393002,30977,Illinois
2012/12/7,N643MQ,4289,11042,1104202,30647,CLE,OH,39,44,13930,1393002,30977,Illinois
2012/12/8,N667MQ,4289,11042,1104202,30647,CLE,OH,39,44,13930,1393002,30977,Illinois
2012/12/9,N659MQ,4289,11042,1104202,30647,CLE,OH,39,44,13930,1393002,30977,Illinois
2012/12/10,N609MQ,4289,11042,1104202,30647,CLE,OH,39,44,13930,1393002,30977,Illinois
2012/12/11,N600MQ,4289,11042,1104202,30647,CLE,OH,39,44,13930,1393002,30977,Illinois
2012/12/12,N639MQ,4289,11042,1104202,30647,CLE,OH,39,44,13930,1393002,30977,Illinois
2012/12/13,N922MQ,4289,11042,1104202,30647,CLE,OH,39,44,13930,1393002,30977,Illinois
2012/12/14,N609MQ,4289,11042,1104202,30647,CLE,OH,39,44,13930,1393002,30977,Illinois
2012/12/15,N603MQ,4289,11042,1104202,30647,CLE,OH,39,44,13930,1393002,30977,Illinois
2012/12/16,N694MQ,4289,11042,1104202,30647,CLE,OH,39,44,13930,1393002,30977,Illinois
2012/12/17,N630MQ,4289,11042,1104202,30647,CLE,OH,39,44,13930,1393002,30977,Illinois
2012/12/18,N659MQ,4289,11042,1104202,30647,CLE,OH,39,44,13930,1393002,30977,Illinois
2012/12/19,N661MQ,4289,11042,1104202,30647,CLE,OH,39,44,13930,1393002,30977,Illinois
2012/12/20,N942MQ,4289,11042,1104202,30647,CLE,OH,39,44,13930,1393002,30977,Illinois
2012/12/21,N542MQ,4289,11042,1104202,30647,CLE,OH,39,44,13930,1393002,30977,Illinois
2012/12/22,N657MQ,4289,11042,1104202,30647,CLE,OH,39,44,13930,1393002,30977,Illinois
2012/12/13,N699MQ,3931,13871,1387102,33316,OMA,NE,31,65,13930,1393002,30977,Illinois
2012/12/14,N679MQ,3931,13871,1387102,33316,OMA,NE,31,65,13930,1393002,30977,Illinois
2012/12/15,N660MQ,3931,13871,1387102,33316,OMA,NE,31,65,13930,1393002,30977,Illinois
2012/12/16,N679MQ,3931,13871,1387102,33316,OMA,NE,31,65,13930,1393002,30977,Illinois
2012/12/17,N694MQ,3931,13871,1387102,33316,OMA,NE,31,65,13930,1393002,30977,Illinois
2012/12/18,N923MQ,3931,13871,1387102,33316,OMA,NE,31,65,13930,1393002,30977,Illinois
2012/12/19,N684MQ,3931,13871,1387102,33316,OMA,NE,31,65,13930,1393002,30977,Illinois
2012/12/20,N618MQ,3931,13871,1387102,33316,OMA,NE,31,65,13930,1393002,30977,Illinois
2012/12/21,N902MQ,3931,13871,1387102,33316,OMA,NE,31,65,13930,1393002,30977,Illinois
2012/12/22,N699MQ,3931,13871,1387102,33316,OMA,NE,31,65,13930,1393002,30977,Illinois
2012/12/23,N636MQ,3931,13871,1387102,33316,OMA,NE,31,65,13930,1393002,30977,Illinois
2012/12/24,N673MQ,3931,13871,1387102,33316,OMA,NE,31,65,13930,1393002,30977,Illinois
2012/12/25,N679MQ,3931,13871,1387102,33316,OMA,NE,31,65,13930,1393002,30977,Illinois
2012/12/26,N636MQ,3931,13871,1387102,33316,OMA,NE,31,65,13930,1393002,30977,Illinois
2012/12/27,N694MQ,3931,13871,1387102,33316,OMA,NE,31,65,13930,1393002,30977,Illinois
2012/12/28,N656MQ,3931,13871,1387102,33316,OMA,NE,31,65,13930,1393002,30977,Illinois
2012/12/29,N644MQ,3931,13871,1387102,33316,OMA,NE,31,65,13930,1393002,30977,Illinois
2012/12/30,N653MQ,3931,13871,1387102,33316,OMA,NE,31,65,13930,1393002,30977,Illinois
2012/12/31,N638MQ,3931,13871,1387102,33316,OMA,NE,31,65,13930,1393002,30977,Illinois
2012/12/1,N632MQ,3932,14783,1478302,34783,SGF,MO,29,64,13930,1393002,30977,Illinois
2012/12/2,N688MQ,3932,14783,1478302,34783,SGF,MO,29,64,13930,1393002,30977,Illinois
2012/12/3,N628MQ,3932,14783,1478302,34783,SGF,MO,29,64,13930,1393002,30977,Illinois
2012/12/4,N925MQ,3932,14783,1478302,34783,SGF,MO,29,64,13930,1393002,30977,Illinois
2012/12/5,N673MQ,3932,14783,1478302,34783,SGF,MO,29,64,13930,1393002,30977,Illinois
2012/12/6,N631MQ,3932,14783,1478302,34783,SGF,MO,29,64,13930,1393002,30977,Illinois
2012/12/7,N639MQ,3932,14783,1478302,34783,SGF,MO,29,64,13930,1393002,30977,Illinois
2012/12/8,N656MQ,3932,14783,1478302,34783,SGF,MO,29,64,13930,1393002,30977,Illinois
2012/12/9,N627MQ,3932,14783,1478302,34783,SGF,MO,29,64,13930,1393002,30977,Illinois
2012/12/10,N635MQ,3932,14783,1478302,34783,SGF,MO,29,64,13930,1393002,30977,Illinois
2012/12/11,N629MQ,3932,14783,1478302,34783,SGF,MO,29,64,13930,1393002,30977,Illinois
2012/12/12,N639MQ,3932,14783,1478302,34783,SGF,MO,29,64,13930,1393002,30977,Illinois
2012/12/13,N609MQ,3932,14783,1478302,34783,SGF,MO,29,64,13930,1393002,30977,Illinois
2012/12/14,N623MQ,3932,14783,1478302,34783,SGF,MO,29,64,13930,1393002,30977,Illinois
2012/12/15,N649MQ,3932,14783,1478302,34783,SGF,MO,29,64,13930,1393002,30977,Illinois
2012/12/16,N659MQ,3932,14783,1478302,34783,SGF,MO,29,64,13930,1393002,30977,Illinois
2012/12/17,N641MQ,3932,14783,1478302,34783,SGF,MO,29,64,13930,1393002,30977,Illinois
2012/12/18,N600MQ,3932,14783,1478302,34783,SGF,MO,29,64,13930,1393002,30977,Illinois
2012/12/19,N612MQ,3932,14783,1478302,34783,SGF,MO,29,64,13930,1393002,30977,Illinois
2012/12/20,N679MQ,3932,14783,1478302,34783,SGF,MO,29,64,13930,1393002,30977,Illinois
2012/12/21,N681MQ,3932,14783,1478302,34783,SGF,MO,29,64,13930,1393002,30977,Illinois
2012/12/22,N653MQ,3932,14783,1478302,34783,SGF,MO,29,64,13930,1393002,30977,Illinois
2012/12/23,N669MQ,3932,14783,1478302,34783,SGF,MO,29,64,13930,1393002,30977,Illinois
2012/12/24,N918MQ,3932,14783,1478302,34783,SGF,MO,29,64,13930,1393002,30977,Illinois
2012/12/25,N699MQ,3932,14783,1478302,34783,SGF,MO,29,64,13930,1393002,30977,Illinois
2012/12/26,N633MQ,3932,14783,1478302,34783,SGF,MO,29,64,13930,1393002,30977,Illinois
2012/12/27,N653MQ,3932,14783,1478302,34783,SGF,MO,29,64,13930,1393002,30977,Illinois
2012/12/28,N636MQ,3932,14783,1478302,34783,SGF,MO,29,64,13930,1393002,30977,Illinois
2012/12/29,N684MQ,3932,14783,1478302,34783,SGF,MO,29,64,13930,1393002,30977,Illinois
2012/12/30,N649MQ,3932,14783,1478302,34783,SGF,MO,29,64,13930,1393002,30977,Illinois
2012/12/31,N609MQ,3932,14783,1478302,34783,SGF,MO,29,64,13930,1393002,30977,Illinois
2012/12/3,N815MQ,3934,10361,1036102,30361,ART,NY,36,22,13930,1393002,30977,Illinois
2012/12/4,N805MQ,3934,10361,1036102,30361,ART,NY,36,22,13930,1393002,30977,Illinois
2012/12/5,N815MQ,3934,10361,1036102,30361,ART,NY,36,22,13930,1393002,30977,Illinois
2012/12/6,N810MQ,3934,10361,1036102,30361,ART,NY,36,22,13930,1393002,30977,Illinois
2012/12/7,N812MQ,3934,10361,1036102,30361,ART,NY,36,22,13930,1393002,30977,Illinois
2012/12/10,N842MQ,3934,10361,1036102,30361,ART,NY,36,22,13930,1393002,30977,Illinois
2012/12/11,N699MQ,3934,10361,1036102,30361,ART,NY,36,22,13930,1393002,30977,Illinois
2012/12/12,N832MQ,3934,10361,1036102,30361,ART,NY,36,22,13930,1393002,30977,Illinois
2012/12/13,N851MQ,3934,10361,1036102,30361,ART,NY,36,22,13930,1393002,30977,Illinois
2012/12/14,N835MQ,3934,10361,1036102,30361,ART,NY,36,22,13930,1393002,30977,Illinois
2012/12/17,N818MQ,3934,10361,1036102,30361,ART,NY,36,22,13930,1393002,30977,Illinois
2012/12/18,N837MQ,3934,10361,1036102,30361,ART,NY,36,22,13930,1393002,30977,Illinois
2012/12/19,N833MQ,3934,10361,1036102,30361,ART,NY,36,22,13930,1393002,30977,Illinois
2012/12/20,N837MQ,3934,10361,1036102,30361,ART,NY,36,22,13930,1393002,30977,Illinois
2012/12/21,N833MQ,3934,10361,1036102,30361,ART,NY,36,22,13930,1393002,30977,Illinois
2012/12/24,N806MQ,3934,10361,1036102,30361,ART,NY,36,22,13930,1393002,30977,Illinois
2012/12/25,N824MQ,3934,10361,1036102,30361,ART,NY,36,22,13930,1393002,30977,Illinois
2012/12/26,N856MQ,3934,10361,1036102,30361,ART,NY,36,22,13930,1393002,30977,Illinois
2012/12/27,N833MQ,3934,10361,1036102,30361,ART,NY,36,22,13930,1393002,30977,Illinois
2012/12/28,N835MQ,3934,10361,1036102,30361,ART,NY,36,22,13930,1393002,30977,Illinois
2012/12/31,N837MQ,3934,10361,1036102,30361,ART,NY,36,22,13930,1393002,30977,Illinois
2012/12/1,N619MQ,3935,13930,1393002,30977,ORD,IL,17,41,11433,1143302,31295,Michigan
2012/12/2,N678MQ,3935,13930,1393002,30977,ORD,IL,17,41,11433,1143302,31295,Michigan
2012/12/3,N683MQ,3935,13930,1393002,30977,ORD,IL,17,41,11433,1143302,31295,Michigan
2012/12/4,N613MQ,3935,13930,1393002,30977,ORD,IL,17,41,11433,1143302,31295,Michigan
2012/12/5,N922MQ,3935,13930,1393002,30977,ORD,IL,17,41,11433,1143302,31295,Michigan
2012/12/6,N688MQ,3935,13930,1393002,30977,ORD,IL,17,41,11433,1143302,31295,Michigan
2012/12/7,N607MQ,3935,13930,1393002,30977,ORD,IL,17,41,11433,1143302,31295,Michigan
2012/12/8,N941MQ,3935,13930,1393002,30977,ORD,IL,17,41,11433,1143302,31295,Michigan
2012/12/9,N655MQ,3935,13930,1393002,30977,ORD,IL,17,41,11433,1143302,31295,Michigan
2012/12/10,N631MQ,3935,13930,1393002,30977,ORD,IL,17,41,11433,1143302,31295,Michigan
2012/12/11,N649MQ,3935,13930,1393002,30977,ORD,IL,17,41,11433,1143302,31295,Michigan
2012/12/12,N636MQ,3935,13930,1393002,30977,ORD,IL,17,41,11433,1143302,31295,Michigan
2012/12/13,N643MQ,3935,13930,1393002,30977,ORD,IL,17,41,11433,1143302,31295,Michigan
2012/12/14,N667MQ,3935,13930,1393002,30977,ORD,IL,17,41,11433,1143302,31295,Michigan
2012/12/15,N614MQ,3935,13930,1393002,30977,ORD,IL,17,41,11433,1143302,31295,Michigan
2012/12/16,N660MQ,3935,13930,1393002,30977,ORD,IL,17,41,11433,1143302,31295,Michigan
2012/12/17,N614MQ,3935,13930,1393002,30977,ORD,IL,17,41,11433,1143302,31295,Michigan
2012/12/18,N624MQ,3935,13930,1393002,30977,ORD,IL,17,41,11433,1143302,31295,Michigan
2012/12/19,N671MQ,3935,13930,1393002,30977,ORD,IL,17,41,11433,1143302,31295,Michigan
2012/12/20,N618MQ,3935,13930,1393002,30977,ORD,IL,17,41,11433,1143302,31295,Michigan
2012/12/21,N618MQ,3935,13930,1393002,30977,ORD,IL,17,41,11433,1143302,31295,Michigan
2012/12/22,N922MQ,3935,13930,1393002,30977,ORD,IL,17,41,11433,1143302,31295,Michigan
2012/12/23,N656MQ,3935,13930,1393002,30977,ORD,IL,17,41,11433,1143302,31295,Michigan
2012/12/24,N680MQ,3935,13930,1393002,30977,ORD,IL,17,41,11433,1143302,31295,Michigan
2012/12/25,N918MQ,3935,13930,1393002,30977,ORD,IL,17,41,11433,1143302,31295,Michigan
2012/12/26,N849MQ,3935,13930,1393002,30977,ORD,IL,17,41,11433,1143302,31295,Michigan
2012/12/27,N613MQ,3935,13930,1393002,30977,ORD,IL,17,41,11433,1143302,31295,Michigan
2012/12/28,N845MQ,3935,13930,1393002,30977,ORD,IL,17,41,11433,1143302,31295,Michigan
2012/12/29,N667MQ,3935,13930,1393002,30977,ORD,IL,17,41,11433,1143302,31295,Michigan
2012/12/30,N696MQ,3935,13930,1393002,30977,ORD,IL,17,41,11433,1143302,31295,Michigan
2012/12/31,N630MQ,3935,13930,1393002,30977,ORD,IL,17,41,11433,1143302,31295,Michigan
2012/12/1,N683MQ,3936,12992,1299204,32600,LIT,AR,5,71,13930,1393002,30977,Illinois
2012/12/2,N615MQ,3936,12992,1299204,32600,LIT,AR,5,71,13930,1393002,30977,Illinois
2012/12/3,N942MQ,3936,12992,1299204,32600,LIT,AR,5,71,13930,1393002,30977,Illinois
2012/12/4,N628MQ,3936,12992,1299204,32600,LIT,AR,5,71,13930,1393002,30977,Illinois
2012/12/5,N617MQ,3936,12992,1299204,32600,LIT,AR,5,71,13930,1393002,30977,Illinois
2012/12/6,N623MQ,3936,12992,1299204,32600,LIT,AR,5,71,13930,1393002,30977,Illinois
2012/12/7,N699MQ,3936,12992,1299204,32600,LIT,AR,5,71,13930,1393002,30977,Illinois
2012/12/8,N906MQ,3936,12992,1299204,32600,LIT,AR,5,71,13930,1393002,30977,Illinois
2012/12/9,N694MQ,3936,12992,1299204,32600,LIT,AR,5,71,13930,1393002,30977,Illinois
2012/12/10,N635MQ,3936,12992,1299204,32600,LIT,AR,5,71,13930,1393002,30977,Illinois
2012/12/11,N634MQ,3936,12992,1299204,32600,LIT,AR,5,71,13930,1393002,30977,Illinois
2012/12/12,N629MQ,3936,12992,1299204,32600,LIT,AR,5,71,13930,1393002,30977,Illinois
2012/12/13,N659MQ,3936,12992,1299204,32600,LIT,AR,5,71,13930,1393002,30977,Illinois
2012/12/14,N635MQ,3936,12992,1299204,32600,LIT,AR,5,71,13930,1393002,30977,Illinois
2012/12/15,N659MQ,3936,12992,1299204,32600,LIT,AR,5,71,13930,1393002,30977,Illinois
2012/12/16,N614MQ,3936,12992,1299204,32600,LIT,AR,5,71,13930,1393002,30977,Illinois
2012/12/17,N694MQ,3936,12992,1299204,32600,LIT,AR,5,71,13930,1393002,30977,Illinois
2012/12/18,N606MQ,3936,12992,1299204,32600,LIT,AR,5,71,13930,1393002,30977,Illinois
2012/12/19,N688MQ,3936,12992,1299204,32600,LIT,AR,5,71,13930,1393002,30977,Illinois
2012/12/20,N699MQ,3936,12992,1299204,32600,LIT,AR,5,71,13930,1393002,30977,Illinois
2012/12/21,N639MQ,3936,12992,1299204,32600,LIT,AR,5,71,13930,1393002,30977,Illinois
2012/12/22,N607MQ,3936,12992,1299204,32600,LIT,AR,5,71,13930,1393002,30977,Illinois
2012/12/23,N653MQ,3936,12992,1299204,32600,LIT,AR,5,71,13930,1393002,30977,Illinois
2012/12/24,N673MQ,3936,12992,1299204,32600,LIT,AR,5,71,13930,1393002,30977,Illinois
2012/12/25,N612MQ,3936,12992,1299204,32600,LIT,AR,5,71,13930,1393002,30977,Illinois
2012/12/26,N656MQ,3936,12992,1299204,32600,LIT,AR,5,71,13930,1393002,30977,Illinois
2012/12/27,N653MQ,3936,12992,1299204,32600,LIT,AR,5,71,13930,1393002,30977,Illinois
2012/12/28,N609MQ,3936,12992,1299204,32600,LIT,AR,5,71,13930,1393002,30977,Illinois
2012/12/29,N923MQ,3936,12992,1299204,32600,LIT,AR,5,71,13930,1393002,30977,Illinois
2012/12/30,N688MQ,3936,12992,1299204,32600,LIT,AR,5,71,13930,1393002,30977,Illinois
2012/12/31,N641MQ,3936,12992,1299204,32600,LIT,AR,5,71,13930,1393002,30977,Illinois
2012/12/1,N815MQ,3937,14633,1463303,32547,RST,MN,27,63,13930,1393002,30977,Illinois
2012/12/2,N856MQ,3937,14633,1463303,32547,RST,MN,27,63,13930,1393002,30977,Illinois
2012/12/3,N819MQ,3937,14633,1463303,32547,RST,MN,27,63,13930,1393002,30977,Illinois
2012/12/4,N832MQ,3937,14633,1463303,32547,RST,MN,27,63,13930,1393002,30977,Illinois
2012/12/5,N809MQ,3937,14633,1463303,32547,RST,MN,27,63,13930,1393002,30977,Illinois
2012/12/6,N831MQ,3937,14633,1463303,32547,RST,MN,27,63,13930,1393002,30977,Illinois
2012/12/7,N800MQ,3937,14633,1463303,32547,RST,MN,27,63,13930,1393002,30977,Illinois
2012/12/8,N849MQ,3937,14633,1463303,32547,RST,MN,27,63,13930,1393002,30977,Illinois
2012/12/9,N854MQ,3937,14633,1463303,32547,RST,MN,27,63,13930,1393002,30977,Illinois
2012/12/10,N806MQ,3937,14633,1463303,32547,RST,MN,27,63,13930,1393002,30977,Illinois
2012/12/11,N830MQ,3937,14633,1463303,32547,RST,MN,27,63,13930,1393002,30977,Illinois
2012/12/12,N818MQ,3937,14633,1463303,32547,RST,MN,27,63,13930,1393002,30977,Illinois
2012/12/13,N635MQ,3937,14633,1463303,32547,RST,MN,27,63,13930,1393002,30977,Illinois
2012/12/14,N810MQ,3937,14633,1463303,32547,RST,MN,27,63,13930,1393002,30977,Illinois
2012/12/15,N832MQ,3937,14633,1463303,32547,RST,MN,27,63,13930,1393002,30977,Illinois
2012/12/16,N849MQ,3937,14633,1463303,32547,RST,MN,27,63,13930,1393002,30977,Illinois
2012/12/17,N832MQ,3937,14633,1463303,32547,RST,MN,27,63,13930,1393002,30977,Illinois
2012/12/18,N830MQ,3937,14633,1463303,32547,RST,MN,27,63,13930,1393002,30977,Illinois
2012/12/19,N839MQ,3937,14633,1463303,32547,RST,MN,27,63,13930,1393002,30977,Illinois
2012/12/20,N824MQ,3937,14633,1463303,32547,RST,MN,27,63,13930,1393002,30977,Illinois
2012/12/21,N818MQ,3937,14633,1463303,32547,RST,MN,27,63,13930,1393002,30977,Illinois
2012/12/22,N845MQ,3937,14633,1463303,32547,RST,MN,27,63,13930,1393002,30977,Illinois
2012/12/23,N835MQ,3937,14633,1463303,32547,RST,MN,27,63,13930,1393002,30977,Illinois
2012/12/26,N835MQ,3937,14633,1463303,32547,RST,MN,27,63,13930,1393002,30977,Illinois
2012/12/27,N828MQ,3937,14633,1463303,32547,RST,MN,27,63,13930,1393002,30977,Illinois
2012/12/28,N800MQ,3937,14633,1463303,32547,RST,MN,27,63,13930,1393002,30977,Illinois
2012/12/29,N819MQ,3937,14633,1463303,32547,RST,MN,27,63,13930,1393002,30977,Illinois
2012/12/30,N685MQ,3937,14633,1463303,32547,RST,MN,27,63,13930,1393002,30977,Illinois
2012/12/1,N803MQ,3938,13930,1393002,30977,ORD,IL,17,41,10990,1099002,30990,Virginia
2012/12/2,N845MQ,3938,13930,1393002,30977,ORD,IL,17,41,10990,1099002,30990,Virginia
2012/12/3,N802MQ,3938,13930,1393002,30977,ORD,IL,17,41,10990,1099002,30990,Virginia
2012/12/4,N817MQ,3938,13930,1393002,30977,ORD,IL,17,41,10990,1099002,30990,Virginia
2012/12/5,N813MQ,3938,13930,1393002,30977,ORD,IL,17,41,10990,1099002,30990,Virginia
2012/12/6,N806MQ,3938,13930,1393002,30977,ORD,IL,17,41,10990,1099002,30990,Virginia
2012/12/7,N854MQ,3938,13930,1393002,30977,ORD,IL,17,41,10990,1099002,30990,Virginia
2012/12/8,N814MQ,3938,13930,1393002,30977,ORD,IL,17,41,10990,1099002,30990,Virginia
2012/12/9,N809MQ,3938,13930,1393002,30977,ORD,IL,17,41,10990,1099002,30990,Virginia
2012/12/10,N802MQ,3938,13930,1393002,30977,ORD,IL,17,41,10990,1099002,30990,Virginia
2012/12/11,N839MQ,3938,13930,1393002,30977,ORD,IL,17,41,10990,1099002,30990,Virginia
2012/12/12,N849MQ,3938,13930,1393002,30977,ORD,IL,17,41,10990,1099002,30990,Virginia
2012/12/13,N824MQ,3938,13930,1393002,30977,ORD,IL,17,41,10990,1099002,30990,Virginia
2012/12/14,N815MQ,3938,13930,1393002,30977,ORD,IL,17,41,10990,1099002,30990,Virginia
2012/12/15,N849MQ,3938,13930,1393002,30977,ORD,IL,17,41,10990,1099002,30990,Virginia
2012/12/16,N800MQ,3938,13930,1393002,30977,ORD,IL,17,41,10990,1099002,30990,Virginia
2012/12/17,N849MQ,3938,13930,1393002,30977,ORD,IL,17,41,10990,1099002,30990,Virginia
2012/12/18,N834MQ,3938,13930,1393002,30977,ORD,IL,17,41,10990,1099002,30990,Virginia
2012/12/19,N849MQ,3938,13930,1393002,30977,ORD,IL,17,41,10990,1099002,30990,Virginia
2012/12/20,N846MQ,3938,13930,1393002,30977,ORD,IL,17,41,10990,1099002,30990,Virginia
2012/12/21,N835MQ,3938,13930,1393002,30977,ORD,IL,17,41,10990,1099002,30990,Virginia
2012/12/22,N831MQ,3938,13930,1393002,30977,ORD,IL,17,41,10990,1099002,30990,Virginia
2012/12/23,N814MQ,3938,13930,1393002,30977,ORD,IL,17,41,10990,1099002,30990,Virginia
2012/12/24,N842MQ,3938,13930,1393002,30977,ORD,IL,17,41,10990,1099002,30990,Virginia
2012/12/25,N846MQ,3938,13930,1393002,30977,ORD,IL,17,41,10990,1099002,30990,Virginia
2012/12/26,N800MQ,3938,13930,1393002,30977,ORD,IL,17,41,10990,1099002,30990,Virginia
2012/12/27,N840MQ,3938,13930,1393002,30977,ORD,IL,17,41,10990,1099002,30990,Virginia
2012/12/28,N824MQ,3938,13930,1393002,30977,ORD,IL,17,41,10990,1099002,30990,Virginia
2012/12/29,N688MQ,3938,13930,1393002,30977,ORD,IL,17,41,10990,1099002,30990,Virginia
2012/12/30,N846MQ,3938,13930,1393002,30977,ORD,IL,17,41,10990,1099002,30990,Virginia
2012/12/31,N840MQ,3938,13930,1393002,30977,ORD,IL,17,41,10990,1099002,30990,Virginia
2012/12/1,N806MQ,3939,13930,1393002,30977,ORD,IL,17,41,13290,1329002,33290,Kansas
2012/12/2,N695MQ,3939,13930,1393002,30977,ORD,IL,17,41,13290,1329002,33290,Kansas
2012/12/3,N804MQ,3939,13930,1393002,30977,ORD,IL,17,41,13290,1329002,33290,Kansas
2012/12/4,N842MQ,3939,13930,1393002,30977,ORD,IL,17,41,13290,1329002,33290,Kansas
2012/12/5,N854MQ,3939,13930,1393002,30977,ORD,IL,17,41,13290,1329002,33290,Kansas
2012/12/6,N839MQ,3939,13930,1393002,30977,ORD,IL,17,41,13290,1329002,33290,Kansas
2012/12/7,N843MQ,3939,13930,1393002,30977,ORD,IL,17,41,13290,1329002,33290,Kansas
2012/12/8,N809MQ,3939,13930,1393002,30977,ORD,IL,17,41,13290,1329002,33290,Kansas
2012/12/9,N849MQ,3939,13930,1393002,30977,ORD,IL,17,41,13290,1329002,33290,Kansas
2012/12/10,N854MQ,3939,13930,1393002,30977,ORD,IL,17,41,13290,1329002,33290,Kansas
2012/12/11,N834MQ,3939,13930,1393002,30977,ORD,IL,17,41,13290,1329002,33290,Kansas
2012/12/12,N813MQ,3939,13930,1393002,30977,ORD,IL,17,41,13290,1329002,33290,Kansas
2012/12/13,N832MQ,3939,13930,1393002,30977,ORD,IL,17,41,13290,1329002,33290,Kansas
2012/12/14,N659MQ,3939,13930,1393002,30977,ORD,IL,17,41,13290,1329002,33290,Kansas
2012/12/15,N630MQ,3939,13930,1393002,30977,ORD,IL,17,41,13290,1329002,33290,Kansas
2012/12/16,N900MQ,3939,13930,1393002,30977,ORD,IL,17,41,13290,1329002,33290,Kansas
2012/12/17,N835MQ,3939,13930,1393002,30977,ORD,IL,17,41,13290,1329002,33290,Kansas
2012/12/18,N835MQ,3939,13930,1393002,30977,ORD,IL,17,41,13290,1329002,33290,Kansas
2012/12/19,N830MQ,3939,13930,1393002,30977,ORD,IL,17,41,13290,1329002,33290,Kansas
2012/12/20,N818MQ,3939,13930,1393002,30977,ORD,IL,17,41,13290,1329002,33290,Kansas
2012/12/21,N630MQ,3939,13930,1393002,30977,ORD,IL,17,41,13290,1329002,33290,Kansas
2012/12/22,N806MQ,3939,13930,1393002,30977,ORD,IL,17,41,13290,1329002,33290,Kansas
2012/12/23,N856MQ,3939,13930,1393002,30977,ORD,IL,17,41,13290,1329002,33290,Kansas
2012/12/26,N814MQ,3939,13930,1393002,30977,ORD,IL,17,41,13290,1329002,33290,Kansas
2012/12/27,N819MQ,3939,13930,1393002,30977,ORD,IL,17,41,13290,1329002,33290,Kansas
2012/12/28,N819MQ,3939,13930,1393002,30977,ORD,IL,17,41,13290,1329002,33290,Kansas
2012/12/29,N800MQ,3939,13930,1393002,30977,ORD,IL,17,41,13290,1329002,33290,Kansas
2012/12/30,N696MQ,3939,13930,1393002,30977,ORD,IL,17,41,13290,1329002,33290,Kansas
2012/12/1,N615MQ,3941,10529,1052904,30529,BDL,CT,9,11,13930,1393002,30977,Illinois
2012/12/2,N906MQ,3941,10529,1052904,30529,BDL,CT,9,11,13930,1393002,30977,Illinois
2012/12/3,N925MQ,3941,10529,1052904,30529,BDL,CT,9,11,13930,1393002,30977,Illinois
2012/12/4,N605MQ,3941,10529,1052904,30529,BDL,CT,9,11,13930,1393002,30977,Illinois
2012/12/5,N906MQ,3941,10529,1052904,30529,BDL,CT,9,11,13930,1393002,30977,Illinois
2012/12/6,N607MQ,3941,10529,1052904,30529,BDL,CT,9,11,13930,1393002,30977,Illinois
2012/12/7,N922MQ,3941,10529,1052904,30529,BDL,CT,9,11,13930,1393002,30977,Illinois
2012/12/8,N925MQ,3941,10529,1052904,30529,BDL,CT,9,11,13930,1393002,30977,Illinois
2012/12/9,N634MQ,3941,10529,1052904,30529,BDL,CT,9,11,13930,1393002,30977,Illinois
2012/12/10,N600MQ,3941,10529,1052904,30529,BDL,CT,9,11,13930,1393002,30977,Illinois
2012/12/11,N668MQ,3941,10529,1052904,30529,BDL,CT,9,11,13930,1393002,30977,Illinois
2012/12/12,N610MQ,3941,10529,1052904,30529,BDL,CT,9,11,13930,1393002,30977,Illinois
2012/12/13,N603MQ,3941,10529,1052904,30529,BDL,CT,9,11,13930,1393002,30977,Illinois
2012/12/14,N634MQ,3941,10529,1052904,30529,BDL,CT,9,11,13930,1393002,30977,Illinois
2012/12/15,N618MQ,3941,10529,1052904,30529,BDL,CT,9,11,13930,1393002,30977,Illinois
2012/12/16,N932MQ,3941,10529,1052904,30529,BDL,CT,9,11,13930,1393002,30977,Illinois
2012/12/17,N673MQ,3941,10529,1052904,30529,BDL,CT,9,11,13930,1393002,30977,Illinois
2012/12/18,N932MQ,3941,10529,1052904,30529,BDL,CT,9,11,13930,1393002,30977,Illinois
2012/12/19,N619MQ,3941,10529,1052904,30529,BDL,CT,9,11,13930,1393002,30977,Illinois
2012/12/20,N630MQ,3941,10529,1052904,30529,BDL,CT,9,11,13930,1393002,30977,Illinois
2012/12/21,N928MQ,3941,10529,1052904,30529,BDL,CT,9,11,13930,1393002,30977,Illinois
2012/12/22,N661MQ,3941,10529,1052904,30529,BDL,CT,9,11,13930,1393002,30977,Illinois
2012/12/23,N657MQ,3941,10529,1052904,30529,BDL,CT,9,11,13930,1393002,30977,Illinois
2012/12/24,N636MQ,3941,10529,1052904,30529,BDL,CT,9,11,13930,1393002,30977,Illinois
2012/12/25,N684MQ,3941,10529,1052904,30529,BDL,CT,9,11,13930,1393002,30977,Illinois
2012/12/26,N918MQ,3941,10529,1052904,30529,BDL,CT,9,11,13930,1393002,30977,Illinois
2012/12/27,N639MQ,3941,10529,1052904,30529,BDL,CT,9,11,13930,1393002,30977,Illinois
2012/12/28,N688MQ,3941,10529,1052904,30529,BDL,CT,9,11,13930,1393002,30977,Illinois
2012/12/29,N632MQ,3941,10529,1052904,30529,BDL,CT,9,11,13930,1393002,30977,Illinois
2012/12/30,N645MQ,3941,10529,1052904,30529,BDL,CT,9,11,13930,1393002,30977,Illinois
2012/12/31,N669MQ,3941,10529,1052904,30529,BDL,CT,9,11,13930,1393002,30977,Illinois
2012/12/1,N806MQ,3943,10792,1079204,30792,BUF,NY,36,22,13930,1393002,30977,Illinois
2012/12/2,N694MQ,3943,10792,1079204,30792,BUF,NY,36,22,13930,1393002,30977,Illinois
2012/12/3,N849MQ,3943,10792,1079204,30792,BUF,NY,36,22,13930,1393002,30977,Illinois
2012/12/4,N831MQ,3943,10792,1079204,30792,BUF,NY,36,22,13930,1393002,30977,Illinois
2012/12/5,N810MQ,3943,10792,1079204,30792,BUF,NY,36,22,13930,1393002,30977,Illinois
2012/12/6,N824MQ,3943,10792,1079204,30792,BUF,NY,36,22,13930,1393002,30977,Illinois
2012/12/7,N814MQ,3943,10792,1079204,30792,BUF,NY,36,22,13930,1393002,30977,Illinois
2012/12/8,N809MQ,3943,10792,1079204,30792,BUF,NY,36,22,13930,1393002,30977,Illinois
2012/12/9,N667MQ,3943,10792,1079204,30792,BUF,NY,36,22,13930,1393002,30977,Illinois
2012/12/10,N834MQ,3943,10792,1079204,30792,BUF,NY,36,22,13930,1393002,30977,Illinois
2012/12/11,N610MQ,3943,10792,1079204,30792,BUF,NY,36,22,13930,1393002,30977,Illinois
2012/12/12,N815MQ,3943,10792,1079204,30792,BUF,NY,36,22,13930,1393002,30977,Illinois
2012/12/13,N835MQ,3943,10792,1079204,30792,BUF,NY,36,22,13930,1393002,30977,Illinois
2012/12/14,N800MQ,3943,10792,1079204,30792,BUF,NY,36,22,13930,1393002,30977,Illinois
2012/12/15,N813MQ,3943,10792,1079204,30792,BUF,NY,36,22,13930,1393002,30977,Illinois
2012/12/16,N603MQ,3943,10792,1079204,30792,BUF,NY,36,22,13930,1393002,30977,Illinois
2012/12/17,N836MQ,3943,10792,1079204,30792,BUF,NY,36,22,13930,1393002,30977,Illinois
2012/12/18,N815MQ,3943,10792,1079204,30792,BUF,NY,36,22,13930,1393002,30977,Illinois
2012/12/19,N831MQ,3943,10792,1079204,30792,BUF,NY,36,22,13930,1393002,30977,Illinois
2012/12/20,N836MQ,3943,10792,1079204,30792,BUF,NY,36,22,13930,1393002,30977,Illinois
2012/12/21,N806MQ,3943,10792,1079204,30792,BUF,NY,36,22,13930,1393002,30977,Illinois
2012/12/22,N806MQ,3943,10792,1079204,30792,BUF,NY,36,22,13930,1393002,30977,Illinois
2012/12/23,N630MQ,3943,10792,1079204,30792,BUF,NY,36,22,13930,1393002,30977,Illinois
2012/12/26,N842MQ,3943,10792,1079204,30792,BUF,NY,36,22,13930,1393002,30977,Illinois
2012/12/27,N856MQ,3943,10792,1079204,30792,BUF,NY,36,22,13930,1393002,30977,Illinois
2012/12/28,N835MQ,3943,10792,1079204,30792,BUF,NY,36,22,13930,1393002,30977,Illinois
2012/12/29,N932MQ,3943,10792,1079204,30792,BUF,NY,36,22,13930,1393002,30977,Illinois
2012/12/30,N922MQ,3943,10792,1079204,30792,BUF,NY,36,22,13930,1393002,30977,Illinois
2012/12/1,N609MQ,3944,12478,1247802,31703,JFK,NY,36,22,10821,1082103,30852,Maryland
2012/12/2,N627MQ,3944,12478,1247802,31703,JFK,NY,36,22,10821,1082103,30852,Maryland
2012/12/3,N644MQ,3944,12478,1247802,31703,JFK,NY,36,22,10821,1082103,30852,Maryland
2012/12/4,N925MQ,3944,12478,1247802,31703,JFK,NY,36,22,10821,1082103,30852,Maryland
2012/12/5,N660MQ,3944,12478,1247802,31703,JFK,NY,36,22,10821,1082103,30852,Maryland
2012/12/6,N628MQ,3944,12478,1247802,31703,JFK,NY,36,22,10821,1082103,30852,Maryland
2012/12/7,N638MQ,3944,12478,1247802,31703,JFK,NY,36,22,10821,1082103,30852,Maryland
2012/12/8,N629MQ,3944,12478,1247802,31703,JFK,NY,36,22,10821,1082103,30852,Maryland
2012/12/9,N610MQ,3944,12478,1247802,31703,JFK,NY,36,22,10821,1082103,30852,Maryland
2012/12/10,N695MQ,3944,12478,1247802,31703,JFK,NY,36,22,10821,1082103,30852,Maryland
2012/12/11,N659MQ,3944,12478,1247802,31703,JFK,NY,36,22,10821,1082103,30852,Maryland
2012/12/12,N614MQ,3944,12478,1247802,31703,JFK,NY,36,22,10821,1082103,30852,Maryland
2012/12/13,N634MQ,3944,12478,1247802,31703,JFK,NY,36,22,10821,1082103,30852,Maryland
2012/12/14,N623MQ,3944,12478,1247802,31703,JFK,NY,36,22,10821,1082103,30852,Maryland
2012/12/15,N635MQ,3944,12478,1247802,31703,JFK,NY,36,22,10821,1082103,30852,Maryland
2012/12/16,N617MQ,3944,12478,1247802,31703,JFK,NY,36,22,10821,1082103,30852,Maryland
2012/12/17,N645MQ,3944,12478,1247802,31703,JFK,NY,36,22,10821,1082103,30852,Maryland
2012/12/18,N627MQ,3944,12478,1247802,31703,JFK,NY,36,22,10821,1082103,30852,Maryland
2012/12/19,N610MQ,3944,12478,1247802,31703,JFK,NY,36,22,10821,1082103,30852,Maryland
2012/12/20,N679MQ,3944,12478,1247802,31703,JFK,NY,36,22,10821,1082103,30852,Maryland
2012/12/21,N660MQ,3944,12478,1247802,31703,JFK,NY,36,22,10821,1082103,30852,Maryland
2012/12/22,N736MQ,3944,12478,1247802,31703,JFK,NY,36,22,10821,1082103,30852,Maryland
2012/12/23,N942MQ,3944,12478,1247802,31703,JFK,NY,36,22,10821,1082103,30852,Maryland
2012/12/24,N649MQ,3944,12478,1247802,31703,JFK,NY,36,22,10821,1082103,30852,Maryland
2012/12/25,N635MQ,3944,12478,1247802,31703,JFK,NY,36,22,10821,1082103,30852,Maryland
2012/12/26,N696MQ,3944,12478,1247802,31703,JFK,NY,36,22,10821,1082103,30852,Maryland
2012/12/27,N681MQ,3944,12478,1247802,31703,JFK,NY,36,22,10821,1082103,30852,Maryland
2012/12/28,N932MQ,3944,12478,1247802,31703,JFK,NY,36,22,10821,1082103,30852,Maryland
2012/12/29,N630MQ,3944,12478,1247802,31703,JFK,NY,36,22,10821,1082103,30852,Maryland
2012/12/30,N635MQ,3944,12478,1247802,31703,JFK,NY,36,22,10821,1082103,30852,Maryland
2012/12/31,N624MQ,3944,12478,1247802,31703,JFK,NY,36,22,10821,1082103,30852,Maryland
2012/12/1,N853MQ,3945,11066,1106602,31066,CMH,OH,39,44,13930,1393002,30977,Illinois
2012/12/2,N824MQ,3945,11066,1106602,31066,CMH,OH,39,44,13930,1393002,30977,Illinois
2012/12/3,N827MQ,3945,11066,1106602,31066,CMH,OH,39,44,13930,1393002,30977,Illinois
2012/12/4,N800MQ,3945,11066,1106602,31066,CMH,OH,39,44,13930,1393002,30977,Illinois
2012/12/5,N832MQ,3945,11066,1106602,31066,CMH,OH,39,44,13930,1393002,30977,Illinois
2012/12/6,N805MQ,3945,11066,1106602,31066,CMH,OH,39,44,13930,1393002,30977,Illinois
2012/12/7,N809MQ,3945,11066,1106602,31066,CMH,OH,39,44,13930,1393002,30977,Illinois
2012/12/8,N834MQ,3945,11066,1106602,31066,CMH,OH,39,44,13930,1393002,30977,Illinois
2012/12/9,N813MQ,3945,11066,1106602,31066,CMH,OH,39,44,13930,1393002,30977,Illinois
2012/12/10,N815MQ,3945,11066,1106602,31066,CMH,OH,39,44,13930,1393002,30977,Illinois
2012/12/11,N825MQ,3945,11066,1106602,31066,CMH,OH,39,44,13930,1393002,30977,Illinois
2012/12/12,N835MQ,3945,11066,1106602,31066,CMH,OH,39,44,13930,1393002,30977,Illinois
2012/12/13,N846MQ,3945,11066,1106602,31066,CMH,OH,39,44,13930,1393002,30977,Illinois
2012/12/14,N813MQ,3945,11066,1106602,31066,CMH,OH,39,44,13930,1393002,30977,Illinois
2012/12/15,N681MQ,3945,11066,1106602,31066,CMH,OH,39,44,13930,1393002,30977,Illinois
2012/12/16,N832MQ,3945,11066,1106602,31066,CMH,OH,39,44,13930,1393002,30977,Illinois
2012/12/17,N815MQ,3945,11066,1106602,31066,CMH,OH,39,44,13930,1393002,30977,Illinois
2012/12/18,N856MQ,3945,11066,1106602,31066,CMH,OH,39,44,13930,1393002,30977,Illinois
2012/12/19,N837MQ,3945,11066,1106602,31066,CMH,OH,39,44,13930,1393002,30977,Illinois
2012/12/20,N832MQ,3945,11066,1106602,31066,CMH,OH,39,44,13930,1393002,30977,Illinois
2012/12/21,N815MQ,3945,11066,1106602,31066,CMH,OH,39,44,13930,1393002,30977,Illinois
2012/12/22,N813MQ,3945,11066,1106602,31066,CMH,OH,39,44,13930,1393002,30977,Illinois
2012/12/23,N836MQ,3945,11066,1106602,31066,CMH,OH,39,44,13930,1393002,30977,Illinois
2012/12/24,N819MQ,3945,11066,1106602,31066,CMH,OH,39,44,13930,1393002,30977,Illinois
2012/12/25,N828MQ,3945,11066,1106602,31066,CMH,OH,39,44,13930,1393002,30977,Illinois
2012/12/26,N814MQ,3945,11066,1106602,31066,CMH,OH,39,44,13930,1393002,30977,Illinois
2012/12/27,N806MQ,3945,11066,1106602,31066,CMH,OH,39,44,13930,1393002,30977,Illinois
2012/12/28,N814MQ,3945,11066,1106602,31066,CMH,OH,39,44,13930,1393002,30977,Illinois
2012/12/29,N825MQ,3945,11066,1106602,31066,CMH,OH,39,44,13930,1393002,30977,Illinois
2012/12/30,N680MQ,3945,11066,1106602,31066,CMH,OH,39,44,13930,1393002,30977,Illinois
2012/12/31,N806MQ,3945,11066,1106602,31066,CMH,OH,39,44,13930,1393002,30977,Illinois
2012/12/1,N814MQ,3946,13367,1336703,33367,MLI,IL,17,41,13930,1393002,30977,Illinois
2012/12/2,N842MQ,3946,13367,1336703,33367,MLI,IL,17,41,13930,1393002,30977,Illinois
2012/12/3,N804MQ,3946,13367,1336703,33367,MLI,IL,17,41,13930,1393002,30977,Illinois
2012/12/4,N842MQ,3946,13367,1336703,33367,MLI,IL,17,41,13930,1393002,30977,Illinois
2012/12/5,N854MQ,3946,13367,1336703,33367,MLI,IL,17,41,13930,1393002,30977,Illinois
2012/12/6,N839MQ,3946,13367,1336703,33367,MLI,IL,17,41,13930,1393002,30977,Illinois
2012/12/7,N843MQ,3946,13367,1336703,33367,MLI,IL,17,41,13930,1393002,30977,Illinois
2012/12/8,N806MQ,3946,13367,1336703,33367,MLI,IL,17,41,13930,1393002,30977,Illinois
2012/12/9,N849MQ,3946,13367,1336703,33367,MLI,IL,17,41,13930,1393002,30977,Illinois
2012/12/10,N854MQ,3946,13367,1336703,33367,MLI,IL,17,41,13930,1393002,30977,Illinois
2012/12/11,N834MQ,3946,13367,1336703,33367,MLI,IL,17,41,13930,1393002,30977,Illinois
2012/12/12,N813MQ,3946,13367,1336703,33367,MLI,IL,17,41,13930,1393002,30977,Illinois
2012/12/13,N832MQ,3946,13367,1336703,33367,MLI,IL,17,41,13930,1393002,30977,Illinois
2012/12/14,N837MQ,3946,13367,1336703,33367,MLI,IL,17,41,13930,1393002,30977,Illinois
2012/12/15,N844MQ,3946,13367,1336703,33367,MLI,IL,17,41,13930,1393002,30977,Illinois
2012/12/16,N839MQ,3946,13367,1336703,33367,MLI,IL,17,41,13930,1393002,30977,Illinois
2012/12/17,N835MQ,3946,13367,1336703,33367,MLI,IL,17,41,13930,1393002,30977,Illinois
2012/12/18,N835MQ,3946,13367,1336703,33367,MLI,IL,17,41,13930,1393002,30977,Illinois
2012/12/19,N818MQ,3946,13367,1336703,33367,MLI,IL,17,41,13930,1393002,30977,Illinois
2012/12/20,N814MQ,3946,13367,1336703,33367,MLI,IL,17,41,13930,1393002,30977,Illinois
2012/12/21,N846MQ,3946,13367,1336703,33367,MLI,IL,17,41,13930,1393002,30977,Illinois
2012/12/22,N819MQ,3946,13367,1336703,33367,MLI,IL,17,41,13930,1393002,30977,Illinois
2012/12/23,N856MQ,3946,13367,1336703,33367,MLI,IL,17,41,13930,1393002,30977,Illinois
2012/12/24,N800MQ,3946,13367,1336703,33367,MLI,IL,17,41,13930,1393002,30977,Illinois
2012/12/25,N815MQ,3946,13367,1336703,33367,MLI,IL,17,41,13930,1393002,30977,Illinois
2012/12/26,N839MQ,3946,13367,1336703,33367,MLI,IL,17,41,13930,1393002,30977,Illinois
2012/12/27,N837MQ,3946,13367,1336703,33367,MLI,IL,17,41,13930,1393002,30977,Illinois
2012/12/28,N819MQ,3946,13367,1336703,33367,MLI,IL,17,41,13930,1393002,30977,Illinois
2012/12/29,N828MQ,3946,13367,1336703,33367,MLI,IL,17,41,13930,1393002,30977,Illinois
2012/12/30,N819MQ,3946,13367,1336703,33367,MLI,IL,17,41,13930,1393002,30977,Illinois
2012/12/31,N819MQ,3946,13367,1336703,33367,MLI,IL,17,41,13930,1393002,30977,Illinois
2012/12/1,N673MQ,3947,13930,1393002,30977,ORD,IL,17,41,15412,1541202,35412,Tennessee
2012/12/2,N902MQ,3947,13930,1393002,30977,ORD,IL,17,41,15412,1541202,35412,Tennessee
2012/12/3,N613MQ,3947,13930,1393002,30977,ORD,IL,17,41,15412,1541202,35412,Tennessee
2012/12/4,N699MQ,3947,13930,1393002,30977,ORD,IL,17,41,15412,1541202,35412,Tennessee
2012/12/5,N636MQ,3947,13930,1393002,30977,ORD,IL,17,41,15412,1541202,35412,Tennessee
2012/12/6,N668MQ,3947,13930,1393002,30977,ORD,IL,17,41,15412,1541202,35412,Tennessee
2012/12/7,N656MQ,3947,13930,1393002,30977,ORD,IL,17,41,15412,1541202,35412,Tennessee
2012/12/8,N660MQ,3947,13930,1393002,30977,ORD,IL,17,41,15412,1541202,35412,Tennessee
2012/12/9,N638MQ,3947,13930,1393002,30977,ORD,IL,17,41,15412,1541202,35412,Tennessee
2012/12/10,N617MQ,3947,13930,1393002,30977,ORD,IL,17,41,15412,1541202,35412,Tennessee
2012/12/11,N655MQ,3947,13930,1393002,30977,ORD,IL,17,41,15412,1541202,35412,Tennessee
2012/12/12,N922MQ,3947,13930,1393002,30977,ORD,IL,17,41,15412,1541202,35412,Tennessee
2012/12/13,N655MQ,3947,13930,1393002,30977,ORD,IL,17,41,15412,1541202,35412,Tennessee
2012/12/14,N682MQ,3947,13930,1393002,30977,ORD,IL,17,41,15412,1541202,35412,Tennessee
2012/12/15,N639MQ,3947,13930,1393002,30977,ORD,IL,17,41,15412,1541202,35412,Tennessee
2012/12/16,N641MQ,3947,13930,1393002,30977,ORD,IL,17,41,15412,1541202,35412,Tennessee
2012/12/17,N696MQ,3947,13930,1393002,30977,ORD,IL,17,41,15412,1541202,35412,Tennessee
2012/12/18,N631MQ,3947,13930,1393002,30977,ORD,IL,17,41,15412,1541202,35412,Tennessee
2012/12/19,N644MQ,3947,13930,1393002,30977,ORD,IL,17,41,15412,1541202,35412,Tennessee
2012/12/20,N928MQ,3947,13930,1393002,30977,ORD,IL,17,41,15412,1541202,35412,Tennessee
2012/12/21,N671MQ,3947,13930,1393002,30977,ORD,IL,17,41,15412,1541202,35412,Tennessee
2012/12/22,N923MQ,3947,13930,1393002,30977,ORD,IL,17,41,15412,1541202,35412,Tennessee
2012/12/23,N679MQ,3947,13930,1393002,30977,ORD,IL,17,41,15412,1541202,35412,Tennessee
2012/12/24,N659MQ,3947,13930,1393002,30977,ORD,IL,17,41,15412,1541202,35412,Tennessee
2012/12/25,N605MQ,3947,13930,1393002,30977,ORD,IL,17,41,15412,1541202,35412,Tennessee
2012/12/26,N660MQ,3947,13930,1393002,30977,ORD,IL,17,41,15412,1541202,35412,Tennessee
2012/12/27,N609MQ,3947,13930,1393002,30977,ORD,IL,17,41,15412,1541202,35412,Tennessee
2012/12/28,N638MQ,3947,13930,1393002,30977,ORD,IL,17,41,15412,1541202,35412,Tennessee
2012/12/29,N699MQ,3947,13930,1393002,30977,ORD,IL,17,41,15412,1541202,35412,Tennessee
2012/12/30,N615MQ,3947,13930,1393002,30977,ORD,IL,17,41,15412,1541202,35412,Tennessee
2012/12/31,N659MQ,3947,13930,1393002,30977,ORD,IL,17,41,15412,1541202,35412,Tennessee
2012/12/1,N824MQ,3949,13930,1393002,30977,ORD,IL,17,41,10469,1046902,30469,Michigan
2012/12/2,N813MQ,3949,13930,1393002,30977,ORD,IL,17,41,10469,1046902,30469,Michigan
2012/12/3,N842MQ,3949,13930,1393002,30977,ORD,IL,17,41,10469,1046902,30469,Michigan
2012/12/4,N813MQ,3949,13930,1393002,30977,ORD,IL,17,41,10469,1046902,30469,Michigan
2012/12/5,N839MQ,3949,13930,1393002,30977,ORD,IL,17,41,10469,1046902,30469,Michigan
2012/12/6,N825MQ,3949,13930,1393002,30977,ORD,IL,17,41,10469,1046902,30469,Michigan
2012/12/7,N825MQ,3949,13930,1393002,30977,ORD,IL,17,41,10469,1046902,30469,Michigan
2012/12/8,N840MQ,3949,13930,1393002,30977,ORD,IL,17,41,10469,1046902,30469,Michigan
2012/12/9,N802MQ,3949,13930,1393002,30977,ORD,IL,17,41,10469,1046902,30469,Michigan
2012/12/10,N639MQ,3949,13930,1393002,30977,ORD,IL,17,41,10469,1046902,30469,Michigan
2012/12/11,N800MQ,3949,13930,1393002,30977,ORD,IL,17,41,10469,1046902,30469,Michigan
2012/12/12,N830MQ,3949,13930,1393002,30977,ORD,IL,17,41,10469,1046902,30469,Michigan
2012/12/13,N814MQ,3949,13930,1393002,30977,ORD,IL,17,41,10469,1046902,30469,Michigan
2012/12/14,N819MQ,3949,13930,1393002,30977,ORD,IL,17,41,10469,1046902,30469,Michigan
2012/12/15,N819MQ,3949,13930,1393002,30977,ORD,IL,17,41,10469,1046902,30469,Michigan
2012/12/16,N835MQ,3949,13930,1393002,30977,ORD,IL,17,41,10469,1046902,30469,Michigan
2012/12/17,N845MQ,3949,13930,1393002,30977,ORD,IL,17,41,10469,1046902,30469,Michigan
2012/12/18,N845MQ,3949,13930,1393002,30977,ORD,IL,17,41,10469,1046902,30469,Michigan
2012/12/19,N806MQ,3949,13930,1393002,30977,ORD,IL,17,41,10469,1046902,30469,Michigan
2012/12/20,N834MQ,3949,13930,1393002,30977,ORD,IL,17,41,10469,1046902,30469,Michigan
2012/12/21,N834MQ,3949,13930,1393002,30977,ORD,IL,17,41,10469,1046902,30469,Michigan
2012/12/22,N809MQ,3949,13930,1393002,30977,ORD,IL,17,41,10469,1046902,30469,Michigan
2012/12/23,N819MQ,3949,13930,1393002,30977,ORD,IL,17,41,10469,1046902,30469,Michigan
2012/12/26,N846MQ,3949,13930,1393002,30977,ORD,IL,17,41,10469,1046902,30469,Michigan
2012/12/27,N839MQ,3949,13930,1393002,30977,ORD,IL,17,41,10469,1046902,30469,Michigan
2012/12/28,N634MQ,3949,13930,1393002,30977,ORD,IL,17,41,10469,1046902,30469,Michigan
2012/12/29,N833MQ,3949,13930,1393002,30977,ORD,IL,17,41,10469,1046902,30469,Michigan
2012/12/30,N813MQ,3949,13930,1393002,30977,ORD,IL,17,41,10469,1046902,30469,Michigan
2012/12/1,N670MQ,3950,13930,1393002,30977,ORD,IL,17,41,10693,1069302,30693,Tennessee
2012/12/2,N636MQ,3950,13930,1393002,30977,ORD,IL,17,41,10693,1069302,30693,Tennessee
2012/12/3,N657MQ,3950,13930,1393002,30977,ORD,IL,17,41,10693,1069302,30693,Tennessee
2012/12/4,N636MQ,3950,13930,1393002,30977,ORD,IL,17,41,10693,1069302,30693,Tennessee
2012/12/5,N619MQ,3950,13930,1393002,30977,ORD,IL,17,41,10693,1069302,30693,Tennessee
2012/12/6,N636MQ,3950,13930,1393002,30977,ORD,IL,17,41,10693,1069302,30693,Tennessee
2012/12/7,N902MQ,3950,13930,1393002,30977,ORD,IL,17,41,10693,1069302,30693,Tennessee
2012/12/8,N942MQ,3950,13930,1393002,30977,ORD,IL,17,41,10693,1069302,30693,Tennessee
2012/12/9,N699MQ,3950,13930,1393002,30977,ORD,IL,17,41,10693,1069302,30693,Tennessee
2012/12/10,N656MQ,3950,13930,1393002,30977,ORD,IL,17,41,10693,1069302,30693,Tennessee
2012/12/11,N609MQ,3950,13930,1393002,30977,ORD,IL,17,41,10693,1069302,30693,Tennessee
2012/12/12,N925MQ,3950,13930,1393002,30977,ORD,IL,17,41,10693,1069302,30693,Tennessee
2012/12/13,N649MQ,3950,13930,1393002,30977,ORD,IL,17,41,10693,1069302,30693,Tennessee
2012/12/14,N600MQ,3950,13930,1393002,30977,ORD,IL,17,41,10693,1069302,30693,Tennessee
2012/12/15,N932MQ,3950,13930,1393002,30977,ORD,IL,17,41,10693,1069302,30693,Tennessee
2012/12/16,N680MQ,3950,13930,1393002,30977,ORD,IL,17,41,10693,1069302,30693,Tennessee
2012/12/17,N607MQ,3950,13930,1393002,30977,ORD,IL,17,41,10693,1069302,30693,Tennessee
2012/12/18,N688MQ,3950,13930,1393002,30977,ORD,IL,17,41,10693,1069302,30693,Tennessee
2012/12/19,N600MQ,3950,13930,1393002,30977,ORD,IL,17,41,10693,1069302,30693,Tennessee
2012/12/20,N656MQ,3950,13930,1393002,30977,ORD,IL,17,41,10693,1069302,30693,Tennessee
2012/12/21,N600MQ,3950,13930,1393002,30977,ORD,IL,17,41,10693,1069302,30693,Tennessee
2012/12/22,N641MQ,3950,13930,1393002,30977,ORD,IL,17,41,10693,1069302,30693,Tennessee
2012/12/23,N639MQ,3950,13930,1393002,30977,ORD,IL,17,41,10693,1069302,30693,Tennessee
2012/12/24,N619MQ,3950,13930,1393002,30977,ORD,IL,17,41,10693,1069302,30693,Tennessee
2012/12/25,N660MQ,3950,13930,1393002,30977,ORD,IL,17,41,10693,1069302,30693,Tennessee
2012/12/26,N684MQ,3950,13930,1393002,30977,ORD,IL,17,41,10693,1069302,30693,Tennessee
2012/12/27,N644MQ,3950,13930,1393002,30977,ORD,IL,17,41,10693,1069302,30693,Tennessee
2012/12/28,N661MQ,3950,13930,1393002,30977,ORD,IL,17,41,10693,1069302,30693,Tennessee
2012/12/29,N656MQ,3950,13930,1393002,30977,ORD,IL,17,41,10693,1069302,30693,Tennessee
2012/12/30,N693MQ,3950,13930,1393002,30977,ORD,IL,17,41,10693,1069302,30693,Tennessee
2012/12/31,N619MQ,3950,13930,1393002,30977,ORD,IL,17,41,10693,1069302,30693,Tennessee
2012/12/2,N602MQ,3951,13930,1393002,30977,ORD,IL,17,41,14783,1478302,34783,Missouri
2012/12/3,N680MQ,3951,13930,1393002,30977,ORD,IL,17,41,14783,1478302,34783,Missouri
2012/12/4,N690MQ,3951,13930,1393002,30977,ORD,IL,17,41,14783,1478302,34783,Missouri
2012/12/5,N631MQ,3951,13930,1393002,30977,ORD,IL,17,41,14783,1478302,34783,Missouri
2012/12/6,N639MQ,3951,13930,1393002,30977,ORD,IL,17,41,14783,1478302,34783,Missouri
2012/12/7,N661MQ,3951,13930,1393002,30977,ORD,IL,17,41,14783,1478302,34783,Missouri
2012/12/9,N622MQ,3951,13930,1393002,30977,ORD,IL,17,41,14783,1478302,34783,Missouri
2012/12/10,N624MQ,3951,13930,1393002,30977,ORD,IL,17,41,14783,1478302,34783,Missouri
2012/12/11,N660MQ,3951,13930,1393002,30977,ORD,IL,17,41,14783,1478302,34783,Missouri
2012/12/12,N684MQ,3951,13930,1393002,30977,ORD,IL,17,41,14783,1478302,34783,Missouri
2012/12/13,N623MQ,3951,13930,1393002,30977,ORD,IL,17,41,14783,1478302,34783,Missouri
2012/12/14,N810MQ,3951,13930,1393002,30977,ORD,IL,17,41,14783,1478302,34783,Missouri
2012/12/16,N668MQ,3951,13930,1393002,30977,ORD,IL,17,41,14783,1478302,34783,Missouri
2012/12/17,N684MQ,3951,13930,1393002,30977,ORD,IL,17,41,14783,1478302,34783,Missouri
2012/12/18,N667MQ,3951,13930,1393002,30977,ORD,IL,17,41,14783,1478302,34783,Missouri
2012/12/19,N679MQ,3951,13930,1393002,30977,ORD,IL,17,41,14783,1478302,34783,Missouri
2012/12/20,N681MQ,3951,13930,1393002,30977,ORD,IL,17,41,14783,1478302,34783,Missouri
2012/12/21,N602MQ,3951,13930,1393002,30977,ORD,IL,17,41,14783,1478302,34783,Missouri
2012/12/23,N612MQ,3951,13930,1393002,30977,ORD,IL,17,41,14783,1478302,34783,Missouri
2012/12/24,N699MQ,3951,13930,1393002,30977,ORD,IL,17,41,14783,1478302,34783,Missouri
2012/12/25,N639MQ,3951,13930,1393002,30977,ORD,IL,17,41,14783,1478302,34783,Missouri
2012/12/26,N653MQ,3951,13930,1393002,30977,ORD,IL,17,41,14783,1478302,34783,Missouri
2012/12/27,N845MQ,3951,13930,1393002,30977,ORD,IL,17,41,14783,1478302,34783,Missouri
2012/12/28,N684MQ,3951,13930,1393002,30977,ORD,IL,17,41,14783,1478302,34783,Missouri
2012/12/30,N685MQ,3951,13930,1393002,30977,ORD,IL,17,41,14783,1478302,34783,Missouri
2012/12/31,N684MQ,3951,13930,1393002,30977,ORD,IL,17,41,14783,1478302,34783,Missouri
2012/12/1,N932MQ,3952,13930,1393002,30977,ORD,IL,17,41,12339,1233904,32337,Indiana
2012/12/2,N617MQ,3952,13930,1393002,30977,ORD,IL,17,41,12339,1233904,32337,Indiana
2012/12/3,N824MQ,3952,13930,1393002,30977,ORD,IL,17,41,12339,1233904,32337,Indiana
2012/12/4,N641MQ,3952,13930,1393002,30977,ORD,IL,17,41,12339,1233904,32337,Indiana
2012/12/5,N695MQ,3952,13930,1393002,30977,ORD,IL,17,41,12339,1233904,32337,Indiana
2012/12/6,N615MQ,3952,13930,1393002,30977,ORD,IL,17,41,12339,1233904,32337,Indiana
2012/12/7,N643MQ,3952,13930,1393002,30977,ORD,IL,17,41,12339,1233904,32337,Indiana
2012/12/8,N680MQ,3952,13930,1393002,30977,ORD,IL,17,41,12339,1233904,32337,Indiana
2012/12/9,N639MQ,3952,13930,1393002,30977,ORD,IL,17,41,12339,1233904,32337,Indiana
2012/12/10,N694MQ,3952,13930,1393002,30977,ORD,IL,17,41,12339,1233904,32337,Indiana
2012/12/11,N667MQ,3952,13930,1393002,30977,ORD,IL,17,41,12339,1233904,32337,Indiana
2012/12/12,N633MQ,3952,13930,1393002,30977,ORD,IL,17,41,12339,1233904,32337,Indiana
2012/12/13,N685MQ,3952,13930,1393002,30977,ORD,IL,17,41,12339,1233904,32337,Indiana
2012/12/14,N619MQ,3952,13930,1393002,30977,ORD,IL,17,41,12339,1233904,32337,Indiana
2012/12/15,N600MQ,3952,13930,1393002,30977,ORD,IL,17,41,12339,1233904,32337,Indiana
2012/12/16,N618MQ,3952,13930,1393002,30977,ORD,IL,17,41,12339,1233904,32337,Indiana
2012/12/17,N649MQ,3952,13930,1393002,30977,ORD,IL,17,41,12339,1233904,32337,Indiana
2012/12/18,N672MQ,3952,13930,1393002,30977,ORD,IL,17,41,12339,1233904,32337,Indiana
2012/12/19,N661MQ,3952,13930,1393002,30977,ORD,IL,17,41,12339,1233904,32337,Indiana
2012/12/20,N610MQ,3952,13930,1393002,30977,ORD,IL,17,41,12339,1233904,32337,Indiana
2012/12/21,N624MQ,3952,13930,1393002,30977,ORD,IL,17,41,12339,1233904,32337,Indiana
2012/12/22,N631MQ,3952,13930,1393002,30977,ORD,IL,17,41,12339,1233904,32337,Indiana
2012/12/23,N923MQ,3952,13930,1393002,30977,ORD,IL,17,41,12339,1233904,32337,Indiana
2012/12/24,N617MQ,3952,13930,1393002,30977,ORD,IL,17,41,12339,1233904,32337,Indiana
2012/12/25,N615MQ,3952,13930,1393002,30977,ORD,IL,17,41,12339,1233904,32337,Indiana
2012/12/26,N630MQ,3952,13930,1393002,30977,ORD,IL,17,41,12339,1233904,32337,Indiana
2012/12/27,N660MQ,3952,13930,1393002,30977,ORD,IL,17,41,12339,1233904,32337,Indiana
2012/12/28,N644MQ,3952,13930,1393002,30977,ORD,IL,17,41,12339,1233904,32337,Indiana
2012/12/29,N606MQ,3952,13930,1393002,30977,ORD,IL,17,41,12339,1233904,32337,Indiana
2012/12/30,N635MQ,3952,13930,1393002,30977,ORD,IL,17,41,12339,1233904,32337,Indiana
2012/12/31,N614MQ,3952,13930,1393002,30977,ORD,IL,17,41,12339,1233904,32337,Indiana
2012/12/1,N803MQ,3953,13930,1393002,30977,ORD,IL,17,41,14783,1478302,34783,Missouri
2012/12/2,N832MQ,3953,13930,1393002,30977,ORD,IL,17,41,14783,1478302,34783,Missouri
2012/12/3,N814MQ,3953,13930,1393002,30977,ORD,IL,17,41,14783,1478302,34783,Missouri
2012/12/4,N805MQ,3953,13930,1393002,30977,ORD,IL,17,41,14783,1478302,34783,Missouri
2012/12/5,N806MQ,3953,13930,1393002,30977,ORD,IL,17,41,14783,1478302,34783,Missouri
2012/12/6,N814MQ,3953,13930,1393002,30977,ORD,IL,17,41,14783,1478302,34783,Missouri
2012/12/7,N812MQ,3953,13930,1393002,30977,ORD,IL,17,41,14783,1478302,34783,Missouri
2012/12/8,N814MQ,3953,13930,1393002,30977,ORD,IL,17,41,14783,1478302,34783,Missouri
2012/12/9,N809MQ,3953,13930,1393002,30977,ORD,IL,17,41,14783,1478302,34783,Missouri
2012/12/10,N812MQ,3953,13930,1393002,30977,ORD,IL,17,41,14783,1478302,34783,Missouri
2012/12/11,N818MQ,3953,13930,1393002,30977,ORD,IL,17,41,14783,1478302,34783,Missouri
2012/12/12,N832MQ,3953,13930,1393002,30977,ORD,IL,17,41,14783,1478302,34783,Missouri
2012/12/13,N851MQ,3953,13930,1393002,30977,ORD,IL,17,41,14783,1478302,34783,Missouri
2012/12/14,N835MQ,3953,13930,1393002,30977,ORD,IL,17,41,14783,1478302,34783,Missouri
2012/12/15,N830MQ,3953,13930,1393002,30977,ORD,IL,17,41,14783,1478302,34783,Missouri
2012/12/16,N840MQ,3953,13930,1393002,30977,ORD,IL,17,41,14783,1478302,34783,Missouri
2012/12/17,N813MQ,3953,13930,1393002,30977,ORD,IL,17,41,14783,1478302,34783,Missouri
2012/12/18,N839MQ,3953,13930,1393002,30977,ORD,IL,17,41,14783,1478302,34783,Missouri
2012/12/19,N845MQ,3953,13930,1393002,30977,ORD,IL,17,41,14783,1478302,34783,Missouri
2012/12/20,N800MQ,3953,13930,1393002,30977,ORD,IL,17,41,14783,1478302,34783,Missouri
2012/12/21,N839MQ,3953,13930,1393002,30977,ORD,IL,17,41,14783,1478302,34783,Missouri
2012/12/22,N831MQ,3953,13930,1393002,30977,ORD,IL,17,41,14783,1478302,34783,Missouri
2012/12/23,N806MQ,3953,13930,1393002,30977,ORD,IL,17,41,14783,1478302,34783,Missouri
2012/12/26,N840MQ,3953,13930,1393002,30977,ORD,IL,17,41,14783,1478302,34783,Missouri
2012/12/27,N824MQ,3953,13930,1393002,30977,ORD,IL,17,41,14783,1478302,34783,Missouri
2012/12/28,N828MQ,3953,13930,1393002,30977,ORD,IL,17,41,14783,1478302,34783,Missouri
2012/12/29,N842MQ,3953,13930,1393002,30977,ORD,IL,17,41,14783,1478302,34783,Missouri
2012/12/30,N840MQ,3953,13930,1393002,30977,ORD,IL,17,41,14783,1478302,34783,Missouri
2012/12/3,N832MQ,3955,13930,1393002,30977,ORD,IL,17,41,11003,1100303,31003,Iowa
2012/12/4,N856MQ,3955,13930,1393002,30977,ORD,IL,17,41,11003,1100303,31003,Iowa
2012/12/5,N825MQ,3955,13930,1393002,30977,ORD,IL,17,41,11003,1100303,31003,Iowa
2012/12/6,N840MQ,3955,13930,1393002,30977,ORD,IL,17,41,11003,1100303,31003,Iowa
2012/12/7,N805MQ,3955,13930,1393002,30977,ORD,IL,17,41,11003,1100303,31003,Iowa
2012/12/10,N840MQ,3955,13930,1393002,30977,ORD,IL,17,41,11003,1100303,31003,Iowa
2012/12/11,N815MQ,3955,13930,1393002,30977,ORD,IL,17,41,11003,1100303,31003,Iowa
2012/12/12,N839MQ,3955,13930,1393002,30977,ORD,IL,17,41,11003,1100303,31003,Iowa
2012/12/13,N849MQ,3955,13930,1393002,30977,ORD,IL,17,41,11003,1100303,31003,Iowa
2012/12/14,N660MQ,3955,13930,1393002,30977,ORD,IL,17,41,11003,1100303,31003,Iowa
2012/12/17,N849MQ,3955,13930,1393002,30977,ORD,IL,17,41,11003,1100303,31003,Iowa
2012/12/18,N816MQ,3955,13930,1393002,30977,ORD,IL,17,41,11003,1100303,31003,Iowa
2012/12/19,N834MQ,3955,13930,1393002,30977,ORD,IL,17,41,11003,1100303,31003,Iowa
2012/12/20,N849MQ,3955,13930,1393002,30977,ORD,IL,17,41,11003,1100303,31003,Iowa
2012/12/21,N831MQ,3955,13930,1393002,30977,ORD,IL,17,41,11003,1100303,31003,Iowa
2012/12/26,N635MQ,3955,13930,1393002,30977,ORD,IL,17,41,11003,1100303,31003,Iowa
2012/12/27,N633MQ,3955,13930,1393002,30977,ORD,IL,17,41,11003,1100303,31003,Iowa
2012/12/28,N833MQ,3955,13930,1393002,30977,ORD,IL,17,41,11003,1100303,31003,Iowa
2012/12/1,N849MQ,3956,13244,1324402,33244,MEM,TN,47,54,13930,1393002,30977,Illinois
2012/12/2,N827MQ,3956,13244,1324402,33244,MEM,TN,47,54,13930,1393002,30977,Illinois
2012/12/3,N819MQ,3956,13244,1324402,33244,MEM,TN,47,54,13930,1393002,30977,Illinois
2012/12/4,N832MQ,3956,13244,1324402,33244,MEM,TN,47,54,13930,1393002,30977,Illinois
2012/12/5,N809MQ,3956,13244,1324402,33244,MEM,TN,47,54,13930,1393002,30977,Illinois
2012/12/6,N831MQ,3956,13244,1324402,33244,MEM,TN,47,54,13930,1393002,30977,Illinois
2012/12/7,N800MQ,3956,13244,1324402,33244,MEM,TN,47,54,13930,1393002,30977,Illinois
2012/12/8,N825MQ,3956,13244,1324402,33244,MEM,TN,47,54,13930,1393002,30977,Illinois
2012/12/9,N824MQ,3956,13244,1324402,33244,MEM,TN,47,54,13930,1393002,30977,Illinois
2012/12/10,N832MQ,3956,13244,1324402,33244,MEM,TN,47,54,13930,1393002,30977,Illinois
2012/12/11,N830MQ,3956,13244,1324402,33244,MEM,TN,47,54,13930,1393002,30977,Illinois
2012/12/12,N818MQ,3956,13244,1324402,33244,MEM,TN,47,54,13930,1393002,30977,Illinois
2012/12/13,N682MQ,3956,13244,1324402,33244,MEM,TN,47,54,13930,1393002,30977,Illinois
2012/12/14,N810MQ,3956,13244,1324402,33244,MEM,TN,47,54,13930,1393002,30977,Illinois
2012/12/15,N525MQ,3956,13244,1324402,33244,MEM,TN,47,54,13930,1393002,30977,Illinois
2012/12/16,N849MQ,3956,13244,1324402,33244,MEM,TN,47,54,13930,1393002,30977,Illinois
2012/12/17,N832MQ,3956,13244,1324402,33244,MEM,TN,47,54,13930,1393002,30977,Illinois
2012/12/18,N830MQ,3956,13244,1324402,33244,MEM,TN,47,54,13930,1393002,30977,Illinois
2012/12/19,N832MQ,3956,13244,1324402,33244,MEM,TN,47,54,13930,1393002,30977,Illinois
2012/12/20,N824MQ,3956,13244,1324402,33244,MEM,TN,47,54,13930,1393002,30977,Illinois
2012/12/21,N819MQ,3956,13244,1324402,33244,MEM,TN,47,54,13930,1393002,30977,Illinois
2012/12/22,N839MQ,3956,13244,1324402,33244,MEM,TN,47,54,13930,1393002,30977,Illinois
2012/12/23,N835MQ,3956,13244,1324402,33244,MEM,TN,47,54,13930,1393002,30977,Illinois
2012/12/24,N653MQ,3956,13244,1324402,33244,MEM,TN,47,54,13930,1393002,30977,Illinois
2012/12/25,N840MQ,3956,13244,1324402,33244,MEM,TN,47,54,13930,1393002,30977,Illinois
2012/12/26,N849MQ,3956,13244,1324402,33244,MEM,TN,47,54,13930,1393002,30977,Illinois
2012/12/27,N835MQ,3956,13244,1324402,33244,MEM,TN,47,54,13930,1393002,30977,Illinois
2012/12/28,N846MQ,3956,13244,1324402,33244,MEM,TN,47,54,13930,1393002,30977,Illinois
2012/12/29,N618MQ,3956,13244,1324402,33244,MEM,TN,47,54,13930,1393002,30977,Illinois
2012/12/30,N685MQ,3956,13244,1324402,33244,MEM,TN,47,54,13930,1393002,30977,Illinois
2012/12/31,N815MQ,3956,13244,1324402,33244,MEM,TN,47,54,13930,1393002,30977,Illinois
2012/12/2,N601MQ,3958,13930,1393002,30977,ORD,IL,17,41,13342,1334205,33342,Wisconsin
2012/12/3,N932MQ,3958,13930,1393002,30977,ORD,IL,17,41,13342,1334205,33342,Wisconsin
2012/12/4,N699MQ,3958,13930,1393002,30977,ORD,IL,17,41,13342,1334205,33342,Wisconsin
2012/12/5,N694MQ,3958,13930,1393002,30977,ORD,IL,17,41,13342,1334205,33342,Wisconsin
2012/12/6,N617MQ,3958,13930,1393002,30977,ORD,IL,17,41,13342,1334205,33342,Wisconsin
2012/12/7,N679MQ,3958,13930,1393002,30977,ORD,IL,17,41,13342,1334205,33342,Wisconsin
2012/12/9,N638MQ,3958,13930,1393002,30977,ORD,IL,17,41,13342,1334205,33342,Wisconsin
2012/12/10,N614MQ,3958,13930,1393002,30977,ORD,IL,17,41,13342,1334205,33342,Wisconsin
2012/12/11,N655MQ,3958,13930,1393002,30977,ORD,IL,17,41,13342,1334205,33342,Wisconsin
2012/12/12,N922MQ,3958,13930,1393002,30977,ORD,IL,17,41,13342,1334205,33342,Wisconsin
2012/12/13,N635MQ,3958,13930,1393002,30977,ORD,IL,17,41,13342,1334205,33342,Wisconsin
2012/12/14,N682MQ,3958,13930,1393002,30977,ORD,IL,17,41,13342,1334205,33342,Wisconsin
2012/12/16,N602MQ,3958,13930,1393002,30977,ORD,IL,17,41,13342,1334205,33342,Wisconsin
2012/12/17,N635MQ,3958,13930,1393002,30977,ORD,IL,17,41,13342,1334205,33342,Wisconsin
2012/12/18,N602MQ,3958,13930,1393002,30977,ORD,IL,17,41,13342,1334205,33342,Wisconsin
2012/12/19,N644MQ,3958,13930,1393002,30977,ORD,IL,17,41,13342,1334205,33342,Wisconsin
2012/12/20,N942MQ,3958,13930,1393002,30977,ORD,IL,17,41,13342,1334205,33342,Wisconsin
2012/12/21,N615MQ,3958,13930,1393002,30977,ORD,IL,17,41,13342,1334205,33342,Wisconsin
2012/12/23,N600MQ,3958,13930,1393002,30977,ORD,IL,17,41,13342,1334205,33342,Wisconsin
2012/12/24,N673MQ,3958,13930,1393002,30977,ORD,IL,17,41,13342,1334205,33342,Wisconsin
2012/12/25,N613MQ,3958,13930,1393002,30977,ORD,IL,17,41,13342,1334205,33342,Wisconsin
2012/12/26,N644MQ,3958,13930,1393002,30977,ORD,IL,17,41,13342,1334205,33342,Wisconsin
2012/12/27,N633MQ,3958,13930,1393002,30977,ORD,IL,17,41,13342,1334205,33342,Wisconsin
2012/12/28,N618MQ,3958,13930,1393002,30977,ORD,IL,17,41,13342,1334205,33342,Wisconsin
2012/12/30,N615MQ,3958,13930,1393002,30977,ORD,IL,17,41,13342,1334205,33342,Wisconsin
2012/12/31,N659MQ,3958,13930,1393002,30977,ORD,IL,17,41,13342,1334205,33342,Wisconsin
2012/12/1,N636MQ,3959,12992,1299204,32600,LIT,AR,5,71,13930,1393002,30977,Illinois
2012/12/3,N932MQ,4311,13342,1334205,33342,MKE,WI,55,45,13930,1393002,30977,Illinois
2012/12/4,N690MQ,4311,13342,1334205,33342,MKE,WI,55,45,13930,1393002,30977,Illinois
2012/12/5,N607MQ,4311,13342,1334205,33342,MKE,WI,55,45,13930,1393002,30977,Illinois
2012/12/6,N619MQ,4311,13342,1334205,33342,MKE,WI,55,45,13930,1393002,30977,Illinois
2012/12/7,N695MQ,4311,13342,1334205,33342,MKE,WI,55,45,13930,1393002,30977,Illinois
2012/12/8,N634MQ,4311,13342,1334205,33342,MKE,WI,55,45,13930,1393002,30977,Illinois
2012/12/9,N629MQ,4311,13342,1334205,33342,MKE,WI,55,45,13930,1393002,30977,Illinois
2012/12/10,N641MQ,4311,13342,1334205,33342,MKE,WI,55,45,13930,1393002,30977,Illinois
2012/12/11,N635MQ,4311,13342,1334205,33342,MKE,WI,55,45,13930,1393002,30977,Illinois
2012/12/12,N656MQ,4311,13342,1334205,33342,MKE,WI,55,45,13930,1393002,30977,Illinois
2012/12/13,N667MQ,4311,13342,1334205,33342,MKE,WI,55,45,13930,1393002,30977,Illinois
2012/12/14,N618MQ,4311,13342,1334205,33342,MKE,WI,55,45,13930,1393002,30977,Illinois
2012/12/15,N623MQ,4311,13342,1334205,33342,MKE,WI,55,45,13930,1393002,30977,Illinois
2012/12/16,N679MQ,4311,13342,1334205,33342,MKE,WI,55,45,13930,1393002,30977,Illinois
2012/12/17,N900MQ,4311,13342,1334205,33342,MKE,WI,55,45,13930,1393002,30977,Illinois
2012/12/18,N918MQ,4311,13342,1334205,33342,MKE,WI,55,45,13930,1393002,30977,Illinois
2012/12/19,N627MQ,4311,13342,1334205,33342,MKE,WI,55,45,13930,1393002,30977,Illinois
2012/12/20,N681MQ,4311,13342,1334205,33342,MKE,WI,55,45,13930,1393002,30977,Illinois
2012/12/21,N641MQ,4311,13342,1334205,33342,MKE,WI,55,45,13930,1393002,30977,Illinois
2012/12/22,N902MQ,4311,13342,1334205,33342,MKE,WI,55,45,13930,1393002,30977,Illinois
2012/12/23,N636MQ,4311,13342,1334205,33342,MKE,WI,55,45,13930,1393002,30977,Illinois
2012/12/24,N641MQ,4311,13342,1334205,33342,MKE,WI,55,45,13930,1393002,30977,Illinois
2012/12/25,N694MQ,4311,13342,1334205,33342,MKE,WI,55,45,13930,1393002,30977,Illinois
2012/12/26,N653MQ,4311,13342,1334205,33342,MKE,WI,55,45,13930,1393002,30977,Illinois
2012/12/27,N661MQ,4311,13342,1334205,33342,MKE,WI,55,45,13930,1393002,30977,Illinois
2012/12/28,N696MQ,4311,13342,1334205,33342,MKE,WI,55,45,13930,1393002,30977,Illinois
2012/12/29,N619MQ,4311,13342,1334205,33342,MKE,WI,55,45,13930,1393002,30977,Illinois
2012/12/30,N613MQ,4311,13342,1334205,33342,MKE,WI,55,45,13930,1393002,30977,Illinois
2012/12/31,N636MQ,4311,13342,1334205,33342,MKE,WI,55,45,13930,1393002,30977,Illinois
2012/12/1,N668MQ,4312,13930,1393002,30977,ORD,IL,17,41,14122,1412202,30198,Pennsylvania
2012/12/2,N819MQ,4312,13930,1393002,30977,ORD,IL,17,41,14122,1412202,30198,Pennsylvania
2012/12/3,N806MQ,4312,13930,1393002,30977,ORD,IL,17,41,14122,1412202,30198,Pennsylvania
2012/12/4,N804MQ,4312,13930,1393002,30977,ORD,IL,17,41,14122,1412202,30198,Pennsylvania
2012/12/5,N849MQ,4312,13930,1393002,30977,ORD,IL,17,41,14122,1412202,30198,Pennsylvania
2012/12/6,N840MQ,4312,13930,1393002,30977,ORD,IL,17,41,14122,1412202,30198,Pennsylvania
2012/12/7,N806MQ,4312,13930,1393002,30977,ORD,IL,17,41,14122,1412202,30198,Pennsylvania
2012/12/8,N618MQ,4312,13930,1393002,30977,ORD,IL,17,41,14122,1412202,30198,Pennsylvania
2012/12/9,N830MQ,4312,13930,1393002,30977,ORD,IL,17,41,14122,1412202,30198,Pennsylvania
2012/12/10,N824MQ,4312,13930,1393002,30977,ORD,IL,17,41,14122,1412202,30198,Pennsylvania
2012/12/11,N846MQ,4312,13930,1393002,30977,ORD,IL,17,41,14122,1412202,30198,Pennsylvania
2012/12/12,N839MQ,4312,13930,1393002,30977,ORD,IL,17,41,14122,1412202,30198,Pennsylvania
2012/12/13,N840MQ,4312,13930,1393002,30977,ORD,IL,17,41,14122,1412202,30198,Pennsylvania
2012/12/14,N819MQ,4312,13930,1393002,30977,ORD,IL,17,41,14122,1412202,30198,Pennsylvania
2012/12/15,N636MQ,4312,13930,1393002,30977,ORD,IL,17,41,14122,1412202,30198,Pennsylvania
2012/12/16,N855MQ,4312,13930,1393002,30977,ORD,IL,17,41,14122,1412202,30198,Pennsylvania
2012/12/17,N670MQ,4312,13930,1393002,30977,ORD,IL,17,41,14122,1412202,30198,Pennsylvania
2012/12/18,N824MQ,4312,13930,1393002,30977,ORD,IL,17,41,14122,1412202,30198,Pennsylvania
2012/12/19,N845MQ,4312,13930,1393002,30977,ORD,IL,17,41,14122,1412202,30198,Pennsylvania
2012/12/20,N818MQ,4312,13930,1393002,30977,ORD,IL,17,41,14122,1412202,30198,Pennsylvania
2012/12/21,N831MQ,4312,13930,1393002,30977,ORD,IL,17,41,14122,1412202,30198,Pennsylvania
2012/12/22,N942MQ,4312,13930,1393002,30977,ORD,IL,17,41,14122,1412202,30198,Pennsylvania
2012/12/23,N810MQ,4312,13930,1393002,30977,ORD,IL,17,41,14122,1412202,30198,Pennsylvania
2012/12/24,N856MQ,4312,13930,1393002,30977,ORD,IL,17,41,14122,1412202,30198,Pennsylvania
2012/12/25,N656MQ,4312,13930,1393002,30977,ORD,IL,17,41,14122,1412202,30198,Pennsylvania
2012/12/26,N671MQ,4312,13930,1393002,30977,ORD,IL,17,41,14122,1412202,30198,Pennsylvania
2012/12/27,N837MQ,4312,13930,1393002,30977,ORD,IL,17,41,14122,1412202,30198,Pennsylvania
2012/12/28,N842MQ,4312,13930,1393002,30977,ORD,IL,17,41,14122,1412202,30198,Pennsylvania
2012/12/29,N932MQ,4312,13930,1393002,30977,ORD,IL,17,41,14122,1412202,30198,Pennsylvania
2012/12/30,N644MQ,4312,13930,1393002,30977,ORD,IL,17,41,14122,1412202,30198,Pennsylvania
2012/12/31,N800MQ,4312,13930,1393002,30977,ORD,IL,17,41,14122,1412202,30198,Pennsylvania
2012/12/2,N690MQ,4313,13930,1393002,30977,ORD,IL,17,41,15048,1504803,35048,Iowa
2012/12/3,N941MQ,4313,13930,1393002,30977,ORD,IL,17,41,15048,1504803,35048,Iowa
2012/12/4,N613MQ,4313,13930,1393002,30977,ORD,IL,17,41,15048,1504803,35048,Iowa
2012/12/5,N683MQ,4313,13930,1393002,30977,ORD,IL,17,41,15048,1504803,35048,Iowa
2012/12/6,N660MQ,4313,13930,1393002,30977,ORD,IL,17,41,15048,1504803,35048,Iowa
2012/12/7,N806MQ,4313,13930,1393002,30977,ORD,IL,17,41,15048,1504803,35048,Iowa
2012/12/9,N655MQ,4313,13930,1393002,30977,ORD,IL,17,41,15048,1504803,35048,Iowa
2012/12/10,N667MQ,4313,13930,1393002,30977,ORD,IL,17,41,15048,1504803,35048,Iowa
2012/12/11,N649MQ,4313,13930,1393002,30977,ORD,IL,17,41,15048,1504803,35048,Iowa
2012/12/12,N636MQ,4313,13930,1393002,30977,ORD,IL,17,41,15048,1504803,35048,Iowa
2012/12/13,N643MQ,4313,13930,1393002,30977,ORD,IL,17,41,15048,1504803,35048,Iowa
2012/12/14,N602MQ,4313,13930,1393002,30977,ORD,IL,17,41,15048,1504803,35048,Iowa
2012/12/16,N631MQ,4313,13930,1393002,30977,ORD,IL,17,41,15048,1504803,35048,Iowa
2012/12/17,N673MQ,4313,13930,1393002,30977,ORD,IL,17,41,15048,1504803,35048,Iowa
2012/12/18,N628MQ,4313,13930,1393002,30977,ORD,IL,17,41,15048,1504803,35048,Iowa
2012/12/19,N613MQ,4313,13930,1393002,30977,ORD,IL,17,41,15048,1504803,35048,Iowa
2012/12/20,N628MQ,4313,13930,1393002,30977,ORD,IL,17,41,15048,1504803,35048,Iowa
2012/12/21,N679MQ,4313,13930,1393002,30977,ORD,IL,17,41,15048,1504803,35048,Iowa
2012/12/23,N656MQ,4313,13930,1393002,30977,ORD,IL,17,41,15048,1504803,35048,Iowa
2012/12/24,N680MQ,4313,13930,1393002,30977,ORD,IL,17,41,15048,1504803,35048,Iowa
2012/12/25,N656MQ,4313,13930,1393002,30977,ORD,IL,17,41,15048,1504803,35048,Iowa
2012/12/26,N617MQ,4313,13930,1393002,30977,ORD,IL,17,41,15048,1504803,35048,Iowa
2012/12/27,N614MQ,4313,13930,1393002,30977,ORD,IL,17,41,15048,1504803,35048,Iowa
2012/12/28,N923MQ,4313,13930,1393002,30977,ORD,IL,17,41,15048,1504803,35048,Iowa
2012/12/30,N696MQ,4313,13930,1393002,30977,ORD,IL,17,41,15048,1504803,35048,Iowa
2012/12/31,N630MQ,4313,13930,1393002,30977,ORD,IL,17,41,15048,1504803,35048,Iowa
2012/12/1,N660MQ,4314,14122,1412202,30198,PIT,PA,42,23,12478,1247802,31703,New York
2012/12/2,N631MQ,4314,14122,1412202,30198,PIT,PA,42,23,12478,1247802,31703,New York
2012/12/3,N656MQ,4314,14122,1412202,30198,PIT,PA,42,23,12478,1247802,31703,New York
2012/12/4,N671MQ,4314,14122,1412202,30198,PIT,PA,42,23,12478,1247802,31703,New York
2012/12/5,N696MQ,4314,14122,1412202,30198,PIT,PA,42,23,12478,1247802,31703,New York
2012/12/6,N643MQ,4314,14122,1412202,30198,PIT,PA,42,23,12478,1247802,31703,New York
2012/12/7,N600MQ,4314,14122,1412202,30198,PIT,PA,42,23,12478,1247802,31703,New York
2012/12/8,N633MQ,4314,14122,1412202,30198,PIT,PA,42,23,12478,1247802,31703,New York
2012/12/9,N695MQ,4314,14122,1412202,30198,PIT,PA,42,23,12478,1247802,31703,New York
2012/12/10,N682MQ,4314,14122,1412202,30198,PIT,PA,42,23,12478,1247802,31703,New York
2012/12/11,N659MQ,4314,14122,1412202,30198,PIT,PA,42,23,12478,1247802,31703,New York
2012/12/12,N673MQ,4314,14122,1412202,30198,PIT,PA,42,23,12478,1247802,31703,New York
2012/12/13,N627MQ,4314,14122,1412202,30198,PIT,PA,42,23,12478,1247802,31703,New York
2012/12/14,N633MQ,4314,14122,1412202,30198,PIT,PA,42,23,12478,1247802,31703,New York
2012/12/15,N633MQ,4314,14122,1412202,30198,PIT,PA,42,23,12478,1247802,31703,New York
2012/12/16,N619MQ,4314,14122,1412202,30198,PIT,PA,42,23,12478,1247802,31703,New York
2012/12/17,N619MQ,4314,14122,1412202,30198,PIT,PA,42,23,12478,1247802,31703,New York
2012/12/18,N610MQ,4314,14122,1412202,30198,PIT,PA,42,23,12478,1247802,31703,New York
2012/12/19,N601MQ,4314,14122,1412202,30198,PIT,PA,42,23,12478,1247802,31703,New York
2012/12/20,N605MQ,4314,14122,1412202,30198,PIT,PA,42,23,12478,1247802,31703,New York
2012/12/21,N614MQ,4314,14122,1412202,30198,PIT,PA,42,23,12478,1247802,31703,New York
2012/12/22,N918MQ,4314,14122,1412202,30198,PIT,PA,42,23,12478,1247802,31703,New York
2012/12/23,N672MQ,4314,14122,1412202,30198,PIT,PA,42,23,12478,1247802,31703,New York
2012/12/24,N667MQ,4314,14122,1412202,30198,PIT,PA,42,23,12478,1247802,31703,New York
2012/12/25,N685MQ,4314,14122,1412202,30198,PIT,PA,42,23,12478,1247802,31703,New York
2012/12/26,N676MQ,4314,14122,1412202,30198,PIT,PA,42,23,12478,1247802,31703,New York
2012/12/27,N641MQ,4314,14122,1412202,30198,PIT,PA,42,23,12478,1247802,31703,New York
2012/12/28,N645MQ,4314,14122,1412202,30198,PIT,PA,42,23,12478,1247802,31703,New York
2012/12/29,N612MQ,4314,14122,1412202,30198,PIT,PA,42,23,12478,1247802,31703,New York
2012/12/30,N612MQ,4314,14122,1412202,30198,PIT,PA,42,23,12478,1247802,31703,New York
2012/12/31,N633MQ,4314,14122,1412202,30198,PIT,PA,42,23,12478,1247802,31703,New York
2012/12/1,N621MQ,4316,13930,1393002,30977,ORD,IL,17,41,15370,1537002,34653,Oklahoma
2012/12/2,N609MQ,4316,13930,1393002,30977,ORD,IL,17,41,15370,1537002,34653,Oklahoma
2012/12/3,N607MQ,4316,13930,1393002,30977,ORD,IL,17,41,15370,1537002,34653,Oklahoma
2012/12/4,N902MQ,4316,13930,1393002,30977,ORD,IL,17,41,15370,1537002,34653,Oklahoma
2012/12/5,N668MQ,4316,13930,1393002,30977,ORD,IL,17,41,15370,1537002,34653,Oklahoma
2012/12/6,N690MQ,4316,13930,1393002,30977,ORD,IL,17,41,15370,1537002,34653,Oklahoma
2012/12/7,N649MQ,4316,13930,1393002,30977,ORD,IL,17,41,15370,1537002,34653,Oklahoma
2012/12/8,N605MQ,4316,13930,1393002,30977,ORD,IL,17,41,15370,1537002,34653,Oklahoma
2012/12/9,N688MQ,4316,13930,1393002,30977,ORD,IL,17,41,15370,1537002,34653,Oklahoma
2012/12/10,N699MQ,4316,13930,1393002,30977,ORD,IL,17,41,15370,1537002,34653,Oklahoma
2012/12/11,N627MQ,4316,13930,1393002,30977,ORD,IL,17,41,15370,1537002,34653,Oklahoma
2012/12/12,N615MQ,4316,13930,1393002,30977,ORD,IL,17,41,15370,1537002,34653,Oklahoma
2012/12/13,N699MQ,4316,13930,1393002,30977,ORD,IL,17,41,15370,1537002,34653,Oklahoma
2012/12/14,N614MQ,4316,13930,1393002,30977,ORD,IL,17,41,15370,1537002,34653,Oklahoma
2012/12/15,N602MQ,4316,13930,1393002,30977,ORD,IL,17,41,15370,1537002,34653,Oklahoma
2012/12/16,N635MQ,4316,13930,1393002,30977,ORD,IL,17,41,15370,1537002,34653,Oklahoma
2012/12/17,N631MQ,4316,13930,1393002,30977,ORD,IL,17,41,15370,1537002,34653,Oklahoma
2012/12/18,N923MQ,4316,13930,1393002,30977,ORD,IL,17,41,15370,1537002,34653,Oklahoma
2012/12/19,N684MQ,4316,13930,1393002,30977,ORD,IL,17,41,15370,1537002,34653,Oklahoma
2012/12/20,N602MQ,4316,13930,1393002,30977,ORD,IL,17,41,15370,1537002,34653,Oklahoma
2012/12/21,N607MQ,4316,13930,1393002,30977,ORD,IL,17,41,15370,1537002,34653,Oklahoma
2012/12/22,N618MQ,4316,13930,1393002,30977,ORD,IL,17,41,15370,1537002,34653,Oklahoma
2012/12/23,N900MQ,4316,13930,1393002,30977,ORD,IL,17,41,15370,1537002,34653,Oklahoma
2012/12/24,N684MQ,4316,13930,1393002,30977,ORD,IL,17,41,15370,1537002,34653,Oklahoma
2012/12/25,N609MQ,4316,13930,1393002,30977,ORD,IL,17,41,15370,1537002,34653,Oklahoma
2012/12/26,N900MQ,4316,13930,1393002,30977,ORD,IL,17,41,15370,1537002,34653,Oklahoma
2012/12/27,N649MQ,4316,13930,1393002,30977,ORD,IL,17,41,15370,1537002,34653,Oklahoma
2012/12/28,N656MQ,4316,13930,1393002,30977,ORD,IL,17,41,15370,1537002,34653,Oklahoma
2012/12/29,N635MQ,4316,13930,1393002,30977,ORD,IL,17,41,15370,1537002,34653,Oklahoma
2012/12/30,N630MQ,4316,13930,1393002,30977,ORD,IL,17,41,15370,1537002,34653,Oklahoma
2012/12/31,N632MQ,4316,13930,1393002,30977,ORD,IL,17,41,15370,1537002,34653,Oklahoma
2012/12/1,N814MQ,4318,13930,1393002,30977,ORD,IL,17,41,10693,1069302,30693,Tennessee
2012/12/2,N806MQ,4318,13930,1393002,30977,ORD,IL,17,41,10693,1069302,30693,Tennessee
2012/12/3,N806MQ,4318,13930,1393002,30977,ORD,IL,17,41,10693,1069302,30693,Tennessee
2012/12/4,N644MQ,4318,13930,1393002,30977,ORD,IL,17,41,10693,1069302,30693,Tennessee
2012/12/5,N673MQ,4318,13930,1393002,30977,ORD,IL,17,41,10693,1069302,30693,Tennessee
2012/12/6,N840MQ,4318,13930,1393002,30977,ORD,IL,17,41,10693,1069302,30693,Tennessee
2012/12/7,N688MQ,4318,13930,1393002,30977,ORD,IL,17,41,10693,1069302,30693,Tennessee
2012/12/8,N806MQ,4318,13930,1393002,30977,ORD,IL,17,41,10693,1069302,30693,Tennessee
2012/12/9,N830MQ,4318,13930,1393002,30977,ORD,IL,17,41,10693,1069302,30693,Tennessee
2012/12/10,N802MQ,4318,13930,1393002,30977,ORD,IL,17,41,10693,1069302,30693,Tennessee
2012/12/11,N825MQ,4318,13930,1393002,30977,ORD,IL,17,41,10693,1069302,30693,Tennessee
2012/12/12,N649MQ,4318,13930,1393002,30977,ORD,IL,17,41,10693,1069302,30693,Tennessee
2012/12/13,N840MQ,4318,13930,1393002,30977,ORD,IL,17,41,10693,1069302,30693,Tennessee
2012/12/14,N819MQ,4318,13930,1393002,30977,ORD,IL,17,41,10693,1069302,30693,Tennessee
2012/12/15,N818MQ,4318,13930,1393002,30977,ORD,IL,17,41,10693,1069302,30693,Tennessee
2012/12/16,N855MQ,4318,13930,1393002,30977,ORD,IL,17,41,10693,1069302,30693,Tennessee
2012/12/17,N813MQ,4318,13930,1393002,30977,ORD,IL,17,41,10693,1069302,30693,Tennessee
2012/12/18,N824MQ,4318,13930,1393002,30977,ORD,IL,17,41,10693,1069302,30693,Tennessee
2012/12/19,N849MQ,4318,13930,1393002,30977,ORD,IL,17,41,10693,1069302,30693,Tennessee
2012/12/20,N849MQ,4318,13930,1393002,30977,ORD,IL,17,41,10693,1069302,30693,Tennessee
2012/12/21,N809MQ,4318,13930,1393002,30977,ORD,IL,17,41,10693,1069302,30693,Tennessee
2012/12/22,N824MQ,4318,13930,1393002,30977,ORD,IL,17,41,10693,1069302,30693,Tennessee
2012/12/23,N810MQ,4318,13930,1393002,30977,ORD,IL,17,41,10693,1069302,30693,Tennessee
2012/12/24,N856MQ,4318,13930,1393002,30977,ORD,IL,17,41,10693,1069302,30693,Tennessee
2012/12/25,N842MQ,4318,13930,1393002,30977,ORD,IL,17,41,10693,1069302,30693,Tennessee
2012/12/26,N671MQ,4318,13930,1393002,30977,ORD,IL,17,41,10693,1069302,30693,Tennessee
2012/12/27,N601MQ,4318,13930,1393002,30977,ORD,IL,17,41,10693,1069302,30693,Tennessee
2012/12/28,N833MQ,4318,13930,1393002,30977,ORD,IL,17,41,10693,1069302,30693,Tennessee
2012/12/29,N809MQ,4318,13930,1393002,30977,ORD,IL,17,41,10693,1069302,30693,Tennessee
2012/12/30,N846MQ,4318,13930,1393002,30977,ORD,IL,17,41,10693,1069302,30693,Tennessee
2012/12/31,N800MQ,4318,13930,1393002,30977,ORD,IL,17,41,10693,1069302,30693,Tennessee
2012/12/1,N906MQ,4321,13930,1393002,30977,ORD,IL,17,41,13342,1334205,33342,Wisconsin
2012/12/2,N680MQ,4321,13930,1393002,30977,ORD,IL,17,41,13342,1334205,33342,Wisconsin
2012/12/3,N932MQ,4321,13930,1393002,30977,ORD,IL,17,41,13342,1334205,33342,Wisconsin
2012/12/4,N690MQ,4321,13930,1393002,30977,ORD,IL,17,41,13342,1334205,33342,Wisconsin
2012/12/5,N607MQ,4321,13930,1393002,30977,ORD,IL,17,41,13342,1334205,33342,Wisconsin
2012/12/6,N619MQ,4321,13930,1393002,30977,ORD,IL,17,41,13342,1334205,33342,Wisconsin
2012/12/7,N695MQ,4321,13930,1393002,30977,ORD,IL,17,41,13342,1334205,33342,Wisconsin
2012/12/8,N634MQ,4321,13930,1393002,30977,ORD,IL,17,41,13342,1334205,33342,Wisconsin
2012/12/9,N629MQ,4321,13930,1393002,30977,ORD,IL,17,41,13342,1334205,33342,Wisconsin
2012/12/10,N641MQ,4321,13930,1393002,30977,ORD,IL,17,41,13342,1334205,33342,Wisconsin
2012/12/11,N635MQ,4321,13930,1393002,30977,ORD,IL,17,41,13342,1334205,33342,Wisconsin
2012/12/12,N656MQ,4321,13930,1393002,30977,ORD,IL,17,41,13342,1334205,33342,Wisconsin
2012/12/13,N667MQ,4321,13930,1393002,30977,ORD,IL,17,41,13342,1334205,33342,Wisconsin
2012/12/14,N618MQ,4321,13930,1393002,30977,ORD,IL,17,41,13342,1334205,33342,Wisconsin
2012/12/15,N623MQ,4321,13930,1393002,30977,ORD,IL,17,41,13342,1334205,33342,Wisconsin
2012/12/16,N679MQ,4321,13930,1393002,30977,ORD,IL,17,41,13342,1334205,33342,Wisconsin
2012/12/17,N900MQ,4321,13930,1393002,30977,ORD,IL,17,41,13342,1334205,33342,Wisconsin
2012/12/18,N918MQ,4321,13930,1393002,30977,ORD,IL,17,41,13342,1334205,33342,Wisconsin
2012/12/19,N627MQ,4321,13930,1393002,30977,ORD,IL,17,41,13342,1334205,33342,Wisconsin
2012/12/20,N681MQ,4321,13930,1393002,30977,ORD,IL,17,41,13342,1334205,33342,Wisconsin
2012/12/21,N641MQ,4321,13930,1393002,30977,ORD,IL,17,41,13342,1334205,33342,Wisconsin
2012/12/22,N902MQ,4321,13930,1393002,30977,ORD,IL,17,41,13342,1334205,33342,Wisconsin
2012/12/23,N636MQ,4321,13930,1393002,30977,ORD,IL,17,41,13342,1334205,33342,Wisconsin
2012/12/24,N641MQ,4321,13930,1393002,30977,ORD,IL,17,41,13342,1334205,33342,Wisconsin
2012/12/25,N694MQ,4321,13930,1393002,30977,ORD,IL,17,41,13342,1334205,33342,Wisconsin
2012/12/26,N653MQ,4321,13930,1393002,30977,ORD,IL,17,41,13342,1334205,33342,Wisconsin
2012/12/27,N661MQ,4321,13930,1393002,30977,ORD,IL,17,41,13342,1334205,33342,Wisconsin
2012/12/28,N696MQ,4321,13930,1393002,30977,ORD,IL,17,41,13342,1334205,33342,Wisconsin
2012/12/29,N619MQ,4321,13930,1393002,30977,ORD,IL,17,41,13342,1334205,33342,Wisconsin
2012/12/30,N613MQ,4321,13930,1393002,30977,ORD,IL,17,41,13342,1334205,33342,Wisconsin
2012/12/31,N636MQ,4321,13930,1393002,30977,ORD,IL,17,41,13342,1334205,33342,Wisconsin
2012/12/1,N682MQ,4323,12478,1247802,31703,JFK,NY,36,22,13931,1393102,33667,Virginia
2012/12/2,N679MQ,4323,12478,1247802,31703,JFK,NY,36,22,13931,1393102,33667,Virginia
2012/12/3,N688MQ,4323,12478,1247802,31703,JFK,NY,36,22,13931,1393102,33667,Virginia
2012/12/4,N641MQ,4323,12478,1247802,31703,JFK,NY,36,22,13931,1393102,33667,Virginia
2012/12/5,N627MQ,4323,12478,1247802,31703,JFK,NY,36,22,13931,1393102,33667,Virginia
2012/12/6,N632MQ,4323,12478,1247802,31703,JFK,NY,36,22,13931,1393102,33667,Virginia
2012/12/7,N628MQ,4323,12478,1247802,31703,JFK,NY,36,22,13931,1393102,33667,Virginia
2012/12/8,N641MQ,4323,12478,1247802,31703,JFK,NY,36,22,13931,1393102,33667,Virginia
2012/12/9,N606MQ,4323,12478,1247802,31703,JFK,NY,36,22,13931,1393102,33667,Virginia
2012/12/10,N631MQ,4323,12478,1247802,31703,JFK,NY,36,22,13931,1393102,33667,Virginia
2012/12/11,N638MQ,4323,12478,1247802,31703,JFK,NY,36,22,13931,1393102,33667,Virginia
2012/12/12,N634MQ,4323,12478,1247802,31703,JFK,NY,36,22,13931,1393102,33667,Virginia
2012/12/13,N685MQ,4323,12478,1247802,31703,JFK,NY,36,22,13931,1393102,33667,Virginia
2012/12/14,N619MQ,4323,12478,1247802,31703,JFK,NY,36,22,13931,1393102,33667,Virginia
2012/12/15,N699MQ,4323,12478,1247802,31703,JFK,NY,36,22,13931,1393102,33667,Virginia
2012/12/16,N623MQ,4323,12478,1247802,31703,JFK,NY,36,22,13931,1393102,33667,Virginia
2012/12/17,N660MQ,4323,12478,1247802,31703,JFK,NY,36,22,13931,1393102,33667,Virginia
2012/12/18,N672MQ,4323,12478,1247802,31703,JFK,NY,36,22,13931,1393102,33667,Virginia
2012/12/19,N609MQ,4323,12478,1247802,31703,JFK,NY,36,22,13931,1393102,33667,Virginia
2012/12/20,N629MQ,4323,12478,1247802,31703,JFK,NY,36,22,13931,1393102,33667,Virginia
2012/12/21,N624MQ,4323,12478,1247802,31703,JFK,NY,36,22,13931,1393102,33667,Virginia
2012/12/22,N688MQ,4323,12478,1247802,31703,JFK,NY,36,22,13931,1393102,33667,Virginia
2012/12/23,N634MQ,4323,12478,1247802,31703,JFK,NY,36,22,13931,1393102,33667,Virginia
2012/12/24,N669MQ,4323,12478,1247802,31703,JFK,NY,36,22,13931,1393102,33667,Virginia
2012/12/25,N680MQ,4323,12478,1247802,31703,JFK,NY,36,22,13931,1393102,33667,Virginia
2012/12/26,N627MQ,4323,12478,1247802,31703,JFK,NY,36,22,13931,1393102,33667,Virginia
2012/12/27,N672MQ,4323,12478,1247802,31703,JFK,NY,36,22,13931,1393102,33667,Virginia
2012/12/28,N639MQ,4323,12478,1247802,31703,JFK,NY,36,22,13931,1393102,33667,Virginia
2012/12/29,N606MQ,4323,12478,1247802,31703,JFK,NY,36,22,13931,1393102,33667,Virginia
2012/12/30,N649MQ,4323,12478,1247802,31703,JFK,NY,36,22,13931,1393102,33667,Virginia
2012/12/31,N679MQ,4323,12478,1247802,31703,JFK,NY,36,22,13931,1393102,33667,Virginia
2012/12/1,N609MQ,4324,13931,1393102,33667,ORF,VA,51,38,12478,1247802,31703,New York
2012/12/2,N627MQ,4324,13931,1393102,33667,ORF,VA,51,38,12478,1247802,31703,New York
2012/12/3,N644MQ,4324,13931,1393102,33667,ORF,VA,51,38,12478,1247802,31703,New York
2012/12/4,N688MQ,4324,13931,1393102,33667,ORF,VA,51,38,12478,1247802,31703,New York
2012/12/5,N660MQ,4324,13931,1393102,33667,ORF,VA,51,38,12478,1247802,31703,New York
2012/12/6,N661MQ,4324,13931,1393102,33667,ORF,VA,51,38,12478,1247802,31703,New York
2012/12/7,N638MQ,4324,13931,1393102,33667,ORF,VA,51,38,12478,1247802,31703,New York
2012/12/8,N629MQ,4324,13931,1393102,33667,ORF,VA,51,38,12478,1247802,31703,New York
2012/12/9,N615MQ,4324,13931,1393102,33667,ORF,VA,51,38,12478,1247802,31703,New York
2012/12/10,N900MQ,4324,13931,1393102,33667,ORF,VA,51,38,12478,1247802,31703,New York
2012/12/11,N606MQ,4324,13931,1393102,33667,ORF,VA,51,38,12478,1247802,31703,New York
2012/12/12,N634MQ,4324,13931,1393102,33667,ORF,VA,51,38,12478,1247802,31703,New York
2012/12/13,N634MQ,4324,13931,1393102,33667,ORF,VA,51,38,12478,1247802,31703,New York
2012/12/14,N932MQ,4324,13931,1393102,33667,ORF,VA,51,38,12478,1247802,31703,New York
2012/12/15,N696MQ,4324,13931,1393102,33667,ORF,VA,51,38,12478,1247802,31703,New York
2012/12/16,N617MQ,4324,13931,1393102,33667,ORF,VA,51,38,12478,1247802,31703,New York
2012/12/17,N833MQ,4324,13931,1393102,33667,ORF,VA,51,38,12478,1247802,31703,New York
2012/12/18,N627MQ,4324,13931,1393102,33667,ORF,VA,51,38,12478,1247802,31703,New York
2012/12/19,N610MQ,4324,13931,1393102,33667,ORF,VA,51,38,12478,1247802,31703,New York
2012/12/20,N629MQ,4324,13931,1393102,33667,ORF,VA,51,38,12478,1247802,31703,New York
2012/12/21,N660MQ,4324,13931,1393102,33667,ORF,VA,51,38,12478,1247802,31703,New York
2012/12/22,N659MQ,4324,13931,1393102,33667,ORF,VA,51,38,12478,1247802,31703,New York
2012/12/23,N634MQ,4324,13931,1393102,33667,ORF,VA,51,38,12478,1247802,31703,New York
2012/12/24,N649MQ,4324,13931,1393102,33667,ORF,VA,51,38,12478,1247802,31703,New York
2012/12/25,N635MQ,4324,13931,1393102,33667,ORF,VA,51,38,12478,1247802,31703,New York
2012/12/26,N696MQ,4324,13931,1393102,33667,ORF,VA,51,38,12478,1247802,31703,New York
2012/12/27,N681MQ,4324,13931,1393102,33667,ORF,VA,51,38,12478,1247802,31703,New York
2012/12/28,N932MQ,4324,13931,1393102,33667,ORF,VA,51,38,12478,1247802,31703,New York
2012/12/29,N630MQ,4324,13931,1393102,33667,ORF,VA,51,38,12478,1247802,31703,New York
2012/12/30,N639MQ,4324,13931,1393102,33667,ORF,VA,51,38,12478,1247802,31703,New York
2012/12/31,N624MQ,4324,13931,1393102,33667,ORF,VA,51,38,12478,1247802,31703,New York
2012/12/1,N602MQ,4325,13930,1393002,30977,ORD,IL,17,41,15380,1538002,35380,Michigan
2012/12/2,N609MQ,4325,13930,1393002,30977,ORD,IL,17,41,15380,1538002,35380,Michigan
2012/12/3,N601MQ,4325,13930,1393002,30977,ORD,IL,17,41,15380,1538002,35380,Michigan
2012/12/4,N601MQ,4325,13930,1393002,30977,ORD,IL,17,41,15380,1538002,35380,Michigan
2012/12/5,N695MQ,4325,13930,1393002,30977,ORD,IL,17,41,15380,1538002,35380,Michigan
2012/12/6,N906MQ,4325,13930,1393002,30977,ORD,IL,17,41,15380,1538002,35380,Michigan
2012/12/7,N922MQ,4325,13930,1393002,30977,ORD,IL,17,41,15380,1538002,35380,Michigan
2012/12/8,N607MQ,4325,13930,1393002,30977,ORD,IL,17,41,15380,1538002,35380,Michigan
2012/12/9,N680MQ,4325,13930,1393002,30977,ORD,IL,17,41,15380,1538002,35380,Michigan
2012/12/10,N694MQ,4325,13930,1393002,30977,ORD,IL,17,41,15380,1538002,35380,Michigan
2012/12/11,N619MQ,4325,13930,1393002,30977,ORD,IL,17,41,15380,1538002,35380,Michigan
2012/12/12,N613MQ,4325,13930,1393002,30977,ORD,IL,17,41,15380,1538002,35380,Michigan
2012/12/13,N610MQ,4325,13930,1393002,30977,ORD,IL,17,41,15380,1538002,35380,Michigan
2012/12/14,N656MQ,4325,13930,1393002,30977,ORD,IL,17,41,15380,1538002,35380,Michigan
2012/12/15,N601MQ,4325,13930,1393002,30977,ORD,IL,17,41,15380,1538002,35380,Michigan
2012/12/16,N932MQ,4325,13930,1393002,30977,ORD,IL,17,41,15380,1538002,35380,Michigan
2012/12/17,N605MQ,4325,13930,1393002,30977,ORD,IL,17,41,15380,1538002,35380,Michigan
2012/12/18,N923MQ,4325,13930,1393002,30977,ORD,IL,17,41,15380,1538002,35380,Michigan
2012/12/19,N902MQ,4325,13930,1393002,30977,ORD,IL,17,41,15380,1538002,35380,Michigan
2012/12/20,N688MQ,4325,13930,1393002,30977,ORD,IL,17,41,15380,1538002,35380,Michigan
2012/12/21,N619MQ,4325,13930,1393002,30977,ORD,IL,17,41,15380,1538002,35380,Michigan
2012/12/22,N661MQ,4325,13930,1393002,30977,ORD,IL,17,41,15380,1538002,35380,Michigan
2012/12/23,N660MQ,4325,13930,1393002,30977,ORD,IL,17,41,15380,1538002,35380,Michigan
2012/12/24,N617MQ,4325,13930,1393002,30977,ORD,IL,17,41,15380,1538002,35380,Michigan
2012/12/25,N615MQ,4325,13930,1393002,30977,ORD,IL,17,41,15380,1538002,35380,Michigan
2012/12/26,N649MQ,4325,13930,1393002,30977,ORD,IL,17,41,15380,1538002,35380,Michigan
2012/12/27,N653MQ,4325,13930,1393002,30977,ORD,IL,17,41,15380,1538002,35380,Michigan
2012/12/28,N619MQ,4325,13930,1393002,30977,ORD,IL,17,41,15380,1538002,35380,Michigan
2012/12/29,N676MQ,4325,13930,1393002,30977,ORD,IL,17,41,15380,1538002,35380,Michigan
2012/12/30,N699MQ,4325,13930,1393002,30977,ORD,IL,17,41,15380,1538002,35380,Michigan