1,2,3,4,5,6,7,8,9,10,11,12,13
112,119,233,251,228,2,707,136,0,165,10,0,0
1,119,396,404,40,10,281,171,0,174,10,0,0
645,119,109,273,384,0,165,56,0,158,0,1,0
656,119,287,36,28,6,92,56,0,158,10,1,0
690,119,344,134,384,1,165,56,0,158,10,1,0
668,119,52,251,230,4,874,136,0,165,10,1,0
679,119,177,160,324,1,372,196,0,176,10,1,0
634,119,132,87,96,4,298,56,0,158,13,1,0
867,119,289,391,127,0,789,171,0,174,10,2,0
5,119,264,342,40,77,399,10,0,113,10,3,0
8,119,57,0,99,78,409,134,0,123,10,3,0
6,119,87,149,519,77,533,196,0,176,10,3,0
7,119,384,0,50,4,438,153,0,193,10,3,0
61,119,133,0,49,4,749,56,0,158,0,4,0
63,119,218,251,527,79,691,29,0,183,0,4,0
62,119,363,386,540,77,333,34,0,114,10,4,0
65,119,422,196,436,0,420,136,0,165,10,4,0
58,119,40,31,211,76,205,171,0,174,10,4,0
55,119,115,299,191,0,349,196,0,176,10,4,0
66,119,315,111,345,76,513,196,0,176,10,4,0
64,119,115,342,230,78,157,2,0,180,10,4,0
56,119,345,224,526,78,226,29,0,183,10,4,0
60,119,6,0,372,76,945,164,0,195,10,4,0
59,119,440,211,338,0,801,196,0,176,20,4,0
87,119,108,221,618,75,227,102,0,120,10,5,0
117,119,176,181,93,76,341,171,0,174,0,6,0
116,119,171,251,571,75,193,41,0,116,10,6,0
115,119,333,2,600,76,560,119,0,121,10,6,0
111,119,377,199,436,75,56,136,0,165,10,6,0
114,119,166,172,35,74,793,197,0,170,10,6,0
118,119,352,53,417,69,75,171,0,174,10,6,0
110,119,452,160,72,74,817,196,0,176,10,6,0
119,119,431,320,578,74,289,13,0,181,10,6,0
260,119,372,190,603,72,126,203,0,108,0,7,0
252,119,37,53,493,6,305,97,0,160,0,7,0
249,119,228,0,509,54,389,136,0,165,0,7,0
259,119,88,367,562,76,621,136,0,165,0,7,0
247,119,382,122,47,79,327,196,0,176,0,7,0
251,119,173,0,345,72,39,29,0,183,0,7,0
258,119,310,251,614,0,435,41,0,116,10,7,0
261,119,126,0,590,73,871,159,0,125,10,7,0
253,119,110,386,288,76,371,136,0,165,10,7,0
254,119,285,44,74,10,201,197,0,170,10,7,0
244,119,260,0,248,68,458,196,0,176,10,7,0
250,119,196,0,186,72,478,196,0,176,10,7,0
243,119,97,138,248,73,617,196,0,176,10,7,0
256,119,439,60,251,73,642,196,0,176,10,7,0
245,119,218,108,615,74,375,2,0,180,10,7,0
262,119,211,44,402,73,115,13,0,181,10,7,0
255,119,367,113,577,73,623,13,0,181,10,7,0
263,119,218,294,476,75,720,13,0,181,10,7,0
248,119,456,135,15,71,70,29,0,183,10,7,0
242,125,342,251,15,72,561,119,0,121,23,7,0
323,119,86,0,108,60,826,57,0,155,3,8,0
67,119,121,409,113,69,708,202,0,235,10,9,0
756,119,6,251,129,59,11,140,0,192,13,14,0
25,119,84,251,14,57,886,16,0,182,13,15,0
3,118,57,331,564,58,547,8,0,175,13,18,0
203,119,208,0,613,72,169,172,0,58,10,21,0
892,119,103,0,26,73,767,179,0,196,10,32,0
168,119,256,133,66,78,81,117,0,164,0,33,0
204,119,218,386,75,52,873,157,0,194,10,34,0
37,118,234,370,130,56,82,140,0,192,10,36,0
128,119,128,0,618,78,263,190,0,62,10,38,0
587,119,218,320,410,72,671,173,0,60,10,39,0
15,119,82,200,76,52,430,191,0,232,10,41,0
831,118,176,92,427,73,803,99,0,179,10,42,0
390,119,157,53,323,60,291,143,0,94,0,43,0
423,119,2,178,216,59,669,206,0,128,10,45,0
330,119,115,129,289,77,248,18,0,20,10,53,0
331,119,28,185,236,79,863,69,0,23,10,53,0
542,119,313,275,246,51,212,140,0,191,10,60,0
642,119,137,123,98,78,34,147,0,141,20,63,0
43,119,101,398,145,56,434,52,0,76,10,65,0
837,119,41,0,427,76,803,99,0,179,10,67,0
956,119,107,163,364,58,710,148,0,166,0,68,0
68,119,393,42,634,61,197,199,0,234,10,71,0
907,119,6,0,317,74,591,99,0,179,10,77,0
51,119,233,166,102,56,195,118,0,225,12,80,0
845,119,233,364,179,1,5,180,0,126,10,82,0
834,119,440,0,179,79,7,180,0,126,10,82,0
278,119,107,0,74,74,350,115,0,90,0,84,0
285,119,359,103,495,78,271,168,0,102,0,84,0
276,119,325,0,495,3,26,203,0,108,0,84,0
286,119,126,0,580,76,51,203,0,108,0,84,0
281,119,285,251,243,73,28,203,0,108,10,84,0
284,119,301,75,238,72,260,203,0,108,10,84,0
277,119,337,342,354,77,376,203,0,108,10,84,0
283,119,429,320,238,75,667,203,0,108,10,84,0
289,119,441,122,13,75,542,1,0,112,10,84,0
280,119,332,0,549,75,100,206,0,128,10,84,0
275,119,115,122,222,73,301,206,0,128,10,84,0
282,119,455,0,315,74,418,206,0,128,10,84,0
288,119,400,342,565,76,609,206,0,128,10,84,0
287,119,168,288,94,7,268,203,0,108,15,84,0
302,119,334,160,183,73,267,55,0,77,0,86,0
303,119,326,295,136,74,491,143,0,94,0,86,0
308,119,315,85,455,0,529,207,0,15,10,86,0
300,119,211,411,445,2,757,207,0,17,10,86,0
307,119,436,53,522,8,239,207,0,19,10,86,0
311,119,57,370,646,74,898,69,0,23,10,86,0
299,119,176,383,471,77,413,98,0,29,10,86,0
310,119,214,165,356,10,506,98,0,29,10,86,0
309,119,319,130,417,7,857,182,0,42,10,86,0
305,119,13,104,643,72,953,17,0,47,10,86,0
304,119,271,256,467,79,476,77,0,83,10,86,0
298,119,423,53,642,73,455,203,0,108,10,86,0
306,119,120,160,138,74,622,99,0,179,10,86,0
122,119,439,256,172,61,608,209,0,110,10,87,0
320,119,11,0,591,1,489,168,0,102,0,88,0
325,119,414,153,495,75,490,168,0,102,0,88,0
321,119,303,300,109,7,727,207,0,17,10,88,0
326,119,359,0,494,76,540,207,0,18,10,88,0
322,119,406,226,47,79,411,50,0,22,10,88,0
319,119,373,57,202,5,711,69,0,23,10,88,0
324,119,441,53,414,10,163,98,0,29,10,88,0
69,119,282,342,41,10,938,32,0,50,0,89,0
388,119,430,215,212,73,140,37,0,74,0,91,0
403,119,104,122,19,10,62,76,0,82,0,91,0
399,119,331,21,439,10,346,76,0,82,0,91,0
415,119,393,0,506,78,498,76,0,82,0,91,0
384,119,421,251,477,77,528,76,0,82,0,91,0
393,119,78,251,89,72,577,76,0,82,0,91,0
395,119,436,251,375,74,229,93,0,87,0,91,0
411,119,211,0,86,74,345,115,0,90,0,91,0
392,119,452,0,353,74,348,115,0,90,0,91,0
387,119,329,0,641,79,827,166,0,101,0,91,0
382,119,371,139,313,0,881,166,0,101,0,91,0
377,119,230,251,90,51,745,101,0,119,0,91,0
400,119,331,168,598,75,845,50,0,22,9,91,0
409,119,196,0,229,73,628,207,0,13,10,91,0
391,119,382,32,588,76,635,207,0,18,10,91,0
381,119,452,101,542,74,158,18,0,20,10,91,0
405,119,196,45,361,78,581,18,0,20,10,91,0
402,119,202,6,200,74,794,18,0,20,10,91,0
394,119,236,159,310,3,184,71,0,25,10,91,0
372,119,285,263,77,1,379,71,0,25,10,91,0
389,119,218,410,484,0,480,71,0,25,10,91,0
376,119,400,371,484,77,480,71,0,25,10,91,0
371,119,174,405,612,77,875,71,0,25,10,91,0
373,119,6,17,576,76,934,82,0,26,10,91,0
407,119,218,407,569,78,63,98,0,29,10,91,0
406,119,6,321,317,76,800,112,0,32,10,91,0
380,119,30,118,317,78,800,112,0,32,10,91,0
404,119,223,91,466,73,630,124,0,34,10,91,0
397,119,97,396,187,79,661,124,0,34,10,91,0
396,119,232,90,302,73,320,146,0,57,10,91,0
386,119,388,0,39,1,866,146,0,57,10,91,0
375,119,234,173,141,72,882,203,0,108,10,91,0
398,119,150,386,628,75,901,203,0,108,10,91,0
413,119,236,160,184,73,180,35,0,115,10,91,0
383,119,199,0,300,76,473,35,0,115,10,91,0
374,119,57,398,336,72,181,206,0,128,10,91,0
410,119,315,107,176,74,3,4,0,129,10,91,0
417,119,393,228,176,68,782,195,0,144,10,91,0
385,119,225,251,138,74,236,99,0,179,10,91,0
408,119,22,0,359,9,405,99,0,179,10,91,0
378,119,119,370,565,73,862,99,0,179,10,91,0
416,119,419,203,589,74,475,153,0,193,10,91,0
414,119,46,342,258,77,134,38,0,51,23,91,0
443,119,214,251,123,76,174,115,0,90,0,92,0
448,119,10,256,29,72,328,177,0,103,0,92,0
442,119,315,375,630,74,797,207,0,17,10,92,0
453,119,166,100,630,75,797,207,0,17,10,92,0
440,119,247,271,484,76,14,18,0,20,10,92,0
452,119,218,166,527,78,397,18,0,20,10,92,0
439,119,166,186,466,76,532,50,0,22,10,92,0
441,119,201,208,166,74,716,50,0,22,10,92,0
438,119,194,255,253,78,649,71,0,25,10,92,0
451,119,97,350,7,74,607,124,0,34,10,92,0
450,119,460,248,566,79,624,124,0,34,10,92,0
449,119,102,221,550,73,272,35,0,115,10,92,0
447,119,439,386,254,72,53,206,0,128,10,92,0
444,119,77,0,444,74,85,99,0,179,10,92,0
485,119,303,386,108,2,48,55,0,77,0,93,0
498,119,79,251,22,9,479,93,0,87,0,93,0
487,119,408,0,631,74,160,115,0,90,0,93,0
499,119,307,139,111,72,55,203,0,108,0,93,0
494,119,214,99,355,10,589,33,0,3,10,93,0
496,119,274,379,34,77,821,150,0,10,10,93,0
503,119,117,74,375,74,593,207,0,14,10,93,0
491,119,196,69,585,5,530,207,0,17,10,93,0
502,119,365,203,368,75,189,18,0,20,10,93,0
497,119,5,130,527,74,597,18,0,20,10,93,0
504,119,365,354,365,73,125,18,0,21,10,93,0
482,119,197,150,626,73,335,18,0,21,10,93,0
486,119,213,351,264,73,799,18,0,21,10,93,0
481,119,326,37,450,75,234,71,0,25,10,93,0
493,119,176,3,456,1,641,71,0,25,10,93,0
489,119,80,0,305,73,211,98,0,29,10,93,0
484,119,283,234,291,75,429,112,0,32,10,93,0
488,119,152,120,146,0,461,112,0,32,10,93,0
483,119,328,70,330,3,613,124,0,34,10,93,0
495,119,166,364,68,74,58,110,0,89,10,93,0
505,119,194,53,317,77,265,168,0,102,10,93,0
500,119,66,0,137,75,404,203,0,108,10,93,0
492,119,288,228,504,76,292,156,0,142,10,93,0
480,119,261,347,32,3,610,195,0,144,10,93,0
478,119,166,103,359,72,166,99,0,179,10,93,0
536,119,109,190,498,73,476,77,0,83,0,95,0
529,119,155,0,503,75,170,166,0,101,0,95,0
522,119,135,320,503,74,428,166,0,101,0,95,0
533,119,134,2,409,75,356,177,0,103,0,95,0
520,119,253,103,378,77,443,207,0,15,10,95,0
539,119,362,111,585,7,530,207,0,17,10,95,0
528,119,292,228,402,79,244,18,0,20,10,95,0
524,119,131,204,579,77,396,18,0,20,10,95,0
532,119,22,46,123,0,65,50,0,22,10,95,0
535,119,357,261,530,74,378,71,0,25,10,95,0
531,119,393,21,4,73,379,71,0,25,10,95,0
540,119,410,53,546,74,108,146,0,57,10,95,0
521,119,168,160,148,75,128,146,0,57,10,95,0
530,119,226,53,403,78,795,146,0,57,10,95,0
538,119,220,344,316,79,300,110,0,89,10,95,0
525,119,57,40,380,0,4,113,0,136,10,95,0
526,119,227,191,252,2,2,195,0,144,10,95,0
527,119,331,91,589,75,470,153,0,193,10,95,0
537,119,447,20,188,76,816,147,0,141,20,95,0
10,119,244,0,237,78,705,180,0,126,10,96,0
131,119,218,380,8,53,137,57,0,151,10,97,0
583,119,441,75,238,78,477,77,0,83,0,98,0
573,119,141,342,449,73,33,168,0,102,0,98,0
578,119,433,299,497,73,484,203,0,108,0,98,0
572,119,264,21,532,3,603,33,0,3,10,98,0
584,119,226,284,12,0,808,18,0,20,10,98,0
585,119,42,322,619,75,702,50,0,22,10,98,0
575,119,36,324,293,73,666,71,0,25,10,98,0
576,119,450,0,617,4,685,98,0,29,10,98,0
582,119,81,378,48,74,414,124,0,34,10,98,0
581,119,102,221,463,79,415,62,0,53,10,98,0
577,119,45,377,238,43,784,110,0,89,10,98,0
574,119,214,103,151,75,215,168,0,102,10,98,0
580,119,216,54,98,70,847,156,0,142,10,98,0
586,119,256,0,402,8,715,99,0,178,10,98,0
571,119,353,355,572,76,414,124,0,34,23,98,0
620,119,129,0,604,8,50,104,0,86,0,100,0
629,119,301,364,525,72,15,203,0,108,0,100,0
617,119,107,0,409,75,614,206,0,128,1,100,0
635,119,337,131,631,0,238,18,0,20,10,100,0
631,119,153,381,579,76,396,18,0,20,10,100,0
630,119,340,376,54,78,258,18,0,21,10,100,0
628,119,392,0,311,75,194,98,0,29,10,100,0
632,119,5,68,443,10,412,98,0,29,10,100,0
619,119,452,236,4,73,288,124,0,34,10,100,0
622,119,196,68,284,0,135,146,0,57,10,100,0
636,119,452,276,31,74,142,125,0,122,10,100,0
616,119,276,84,618,1,141,206,0,128,10,100,0
627,119,305,221,220,0,275,206,0,128,10,100,0
633,119,315,385,222,76,325,206,0,128,10,100,0
618,119,133,414,328,73,805,195,0,144,10,100,0
626,119,26,406,589,72,13,153,0,193,10,100,0
625,119,376,0,370,78,278,207,0,13,23,100,0
624,119,322,348,443,74,111,18,0,20,23,100,0
621,119,259,0,374,10,850,98,0,29,23,100,0
41,119,311,0,553,77,604,146,0,57,10,101,0
132,119,371,88,625,75,467,190,0,62,10,102,0
755,119,428,370,634,77,344,66,0,81,0,103,0
783,119,62,0,308,76,98,115,0,90,0,103,0
718,119,218,119,74,72,367,163,0,100,0,103,0
768,119,281,21,234,78,347,166,0,101,0,103,0
764,119,397,366,74,10,771,166,0,101,0,103,0
722,119,156,0,42,74,883,166,0,101,0,103,0
752,119,300,139,108,10,127,177,0,103,0,103,0
795,119,214,53,618,73,12,203,0,108,0,103,0
747,119,371,386,422,78,663,207,0,13,3,103,0
717,119,382,103,63,10,659,33,0,3,10,103,0
809,119,97,0,63,73,659,33,0,3,10,103,0
765,119,96,342,34,73,569,150,0,10,10,103,0
803,119,211,299,247,78,829,150,0,10,10,103,0
762,119,414,190,140,73,334,207,0,14,10,103,0
771,119,156,216,79,72,592,207,0,14,10,103,0
719,119,78,75,453,10,89,207,0,15,10,103,0
731,119,382,298,30,73,541,207,0,17,10,103,0
750,119,144,4,173,76,631,207,0,17,10,103,0
802,119,373,103,647,10,652,207,0,19,10,103,0
749,119,12,256,277,73,17,18,0,20,10,103,0
733,119,233,19,49,74,91,18,0,20,10,103,0
741,119,303,180,74,3,112,18,0,20,10,103,0
773,119,295,327,105,72,222,18,0,20,10,103,0
754,119,439,282,330,75,307,18,0,20,10,103,0
806,119,253,251,452,76,737,18,0,20,10,103,0
791,119,197,43,225,74,746,18,0,20,10,103,0
730,119,218,115,132,75,759,18,0,20,10,103,0
729,119,112,91,377,72,200,18,0,21,10,103,0
772,119,95,151,153,74,217,18,0,21,10,103,0
726,119,178,16,149,75,252,18,0,21,10,103,0
799,119,35,141,502,76,406,18,0,21,10,103,0
782,119,337,406,299,78,465,50,0,22,10,103,0
751,119,399,333,120,78,130,71,0,25,10,103,0
766,119,281,117,579,74,444,71,0,25,10,103,0
727,119,115,371,82,79,468,71,0,25,10,103,0
753,119,221,300,631,74,674,71,0,25,10,103,0
796,119,71,18,622,73,952,71,0,25,10,103,0
748,119,331,142,6,72,66,82,0,26,10,103,0
738,119,110,214,206,73,237,82,0,26,10,103,0
759,119,382,311,527,74,284,82,0,26,10,103,0
774,119,389,363,153,79,370,82,0,26,10,103,0
776,119,336,24,390,78,809,82,0,26,10,103,0
728,119,7,352,569,78,63,98,0,29,10,103,0
797,119,46,320,604,10,107,98,0,29,10,103,0
763,119,161,342,119,77,156,98,0,29,10,103,0
788,119,307,88,307,76,535,98,0,29,10,103,0
735,119,109,286,281,10,700,98,0,29,10,103,0
775,119,414,320,527,73,786,98,0,29,10,103,0
786,119,57,115,644,73,944,112,0,32,10,103,0
740,119,315,335,194,72,206,124,0,34,10,103,0
780,119,398,102,187,74,423,124,0,34,10,103,0
800,119,195,306,581,74,571,124,0,34,10,103,0
804,119,314,285,426,76,752,124,0,34,10,103,0
720,119,321,1,180,72,897,182,0,42,10,103,0
721,119,78,139,194,2,31,38,0,51,10,103,0
715,119,307,320,194,79,31,38,0,51,10,103,0
807,119,144,221,631,70,734,38,0,51,10,103,0
716,119,206,364,561,0,846,38,0,51,10,103,0
736,119,360,221,636,75,424,62,0,53,10,103,0
724,119,273,0,457,77,664,146,0,57,10,103,0
808,119,166,386,5,71,177,173,0,60,10,103,0
744,119,422,386,238,73,788,110,0,89,10,103,0
725,119,60,330,304,72,54,168,0,102,10,103,0
746,119,78,139,100,5,487,168,0,102,10,103,0
770,119,303,103,263,79,106,203,0,108,10,103,0
737,119,14,53,261,73,113,203,0,108,10,103,0
758,119,233,160,242,75,488,203,0,108,10,103,0
777,119,175,122,596,0,539,209,0,110,10,103,0
714,0,284,221,141,75,383,35,0,115,10,103,0
785,119,139,0,402,73,747,125,0,122,10,103,0
789,119,18,0,396,72,203,180,0,126,10,103,0
743,119,290,401,462,73,282,206,0,128,10,103,0
813,119,337,0,618,76,932,206,0,128,10,103,0
810,119,5,372,292,78,79,147,0,141,10,103,0
798,119,147,28,328,73,104,147,0,141,10,103,0
732,119,358,370,98,0,912,147,0,141,10,103,0
787,119,382,148,92,76,818,156,0,142,10,103,0
742,119,354,228,142,72,825,156,0,142,10,103,0
761,119,218,184,328,74,833,156,0,142,10,103,0
760,119,21,317,441,75,950,156,0,142,10,103,0
805,119,103,6,176,75,931,195,0,144,10,103,0
781,119,343,0,178,73,35,99,0,178,10,103,0
784,119,340,127,248,3,559,99,0,178,10,103,0
794,119,169,0,543,74,417,42,0,184,10,103,0
792,119,451,0,230,73,670,42,0,184,10,103,0
769,119,424,30,117,74,496,18,0,20,20,103,0
757,119,189,265,108,73,582,18,0,20,20,103,0
811,119,176,50,209,1,836,18,0,21,20,103,0
739,119,184,251,314,4,214,111,0,7,23,103,0
793,119,315,111,263,73,316,82,0,26,23,103,0
819,119,214,251,498,72,600,207,0,17,10,105,0
820,119,26,221,405,67,761,35,0,115,10,105,0
835,119,197,240,319,72,139,66,0,81,0,106,0
17,119,444,0,189,77,909,180,0,126,10,109,0
844,119,365,386,637,73,764,173,0,60,0,111,0
846,119,222,412,52,77,494,18,0,20,10,111,0
843,119,217,0,276,70,753,103,0,188,10,111,0
143,119,267,71,393,76,19,176,0,39,23,113,0
860,119,92,228,118,72,374,66,0,81,10,115,0
884,119,331,122,242,72,97,203,0,108,0,116,0
29,119,105,88,250,57,364,187,0,168,0,117,0
917,119,174,88,80,75,296,173,0,60,10,118,0
927,119,10,386,313,73,719,7,0,72,10,120,0
701,119,218,305,13,59,354,206,0,128,10,122,0
76,119,366,39,195,55,454,91,0,86,10,131,0
861,119,55,0,318,68,760,99,0,179,10,135,0
228,119,170,122,0,52,687,87,0,159,10,136,0
215,4,317,2,296,23,905,129,0,139,24,141,0
57,119,54,103,527,61,626,57,0,151,0,144,0
446,119,405,15,46,60,9,58,0,221,5,146,0
468,119,243,2,606,60,442,45,0,70,13,147,0
579,119,90,358,527,45,210,141,0,208,0,154,0
346,119,320,367,645,60,171,109,0,205,10,158,0
639,119,165,0,438,73,892,173,0,59,10,163,0
638,119,171,0,346,75,892,173,0,59,10,163,0
640,119,441,172,153,76,773,99,0,179,10,163,0
545,119,36,0,579,60,522,76,0,82,0,173,0
200,119,261,156,193,19,270,23,0,48,0,175,0
211,119,309,304,297,52,96,166,0,101,0,184,0
218,119,237,122,428,73,280,64,0,54,10,186,0
225,119,187,231,134,52,885,48,0,30,17,193,0
26,119,18,23,287,39,888,178,0,104,0,194,0
885,119,373,283,365,75,878,18,0,20,10,195,0
918,119,160,192,547,5,515,18,0,21,19,198,0
291,119,79,0,261,72,936,203,0,108,0,205,0
94,119,149,35,442,74,339,78,0,6,10,211,0
210,119,91,32,548,52,398,74,0,45,0,212,0
133,119,331,0,215,75,154,134,0,123,10,215,0
74,119,233,405,490,53,717,47,0,219,10,217,0
830,119,394,21,87,10,668,207,0,16,10,219,0
829,119,236,245,298,4,225,50,0,22,10,219,0
47,119,452,0,37,56,820,167,0,230,10,220,0
836,119,437,6,319,67,139,66,0,81,23,221,0
140,119,206,0,592,79,204,209,0,110,0,222,0
141,119,297,0,116,74,38,104,0,86,10,222,0
142,119,46,21,571,2,25,149,0,96,10,222,0
851,119,200,0,427,74,718,99,0,179,10,224,0
22,119,166,393,161,57,558,107,0,31,10,225,0
81,119,57,228,578,54,274,75,0,95,25,226,0
149,119,285,221,571,78,60,178,0,104,10,227,0
150,119,115,0,78,2,331,178,0,104,10,227,0
857,119,100,82,461,79,728,207,0,14,10,228,0
855,119,145,22,295,73,660,18,0,21,10,228,0
858,119,263,386,560,78,658,163,0,100,10,228,0
155,119,13,88,67,74,618,37,0,74,0,229,0
156,119,10,251,605,72,105,91,0,86,10,229,0
154,118,342,160,221,73,47,178,0,104,10,229,0
873,119,357,21,631,77,588,33,0,3,10,230,0
879,119,371,122,579,10,390,207,0,14,10,230,0
877,119,371,160,400,10,587,207,0,19,10,230,0
874,119,194,282,257,74,599,18,0,20,10,230,0
871,118,349,33,342,72,52,112,0,32,10,230,0
875,119,388,0,290,74,122,189,0,61,10,230,0
876,119,185,221,574,74,787,7,0,72,10,230,0
872,119,29,190,375,72,646,37,0,74,10,230,0
161,119,238,0,103,74,639,163,0,100,10,231,0
164,119,95,342,13,78,453,37,0,74,0,234,0
163,119,375,342,212,77,552,37,0,74,0,234,0
165,119,198,0,212,76,956,137,0,92,10,234,0
891,119,190,0,518,73,633,71,0,25,10,235,0
888,119,166,80,441,79,811,209,0,110,10,235,0
171,119,181,21,68,5,507,120,0,91,0,236,0
170,119,356,0,181,77,906,178,0,104,10,236,0
903,119,32,288,635,77,653,37,0,74,0,242,0
904,119,441,139,420,10,686,207,0,15,10,242,0
906,119,157,343,361,72,445,207,0,19,10,242,0
900,119,182,286,192,10,580,207,0,19,10,242,0
902,119,69,0,339,78,860,207,0,19,10,242,0
905,119,331,31,96,74,754,82,0,26,10,242,0
176,119,46,221,320,73,299,65,0,80,0,243,0
177,119,97,21,462,75,620,209,0,110,10,243,0
916,119,22,103,446,51,433,57,0,150,0,244,0
915,119,459,106,527,74,941,50,0,22,10,244,0
182,119,441,251,571,0,290,37,0,74,0,246,0
181,119,339,342,582,73,804,209,0,110,10,246,0
924,119,196,34,345,72,84,37,0,74,0,247,0
926,119,342,287,115,72,132,207,0,15,10,247,0
925,119,425,320,329,77,124,207,0,18,10,247,0
922,119,114,296,126,73,509,71,0,25,10,247,0
185,119,441,199,317,77,119,37,0,74,0,249,0
184,119,59,88,130,74,619,155,0,99,0,249,0
183,119,368,221,148,77,136,155,0,99,10,249,0
186,119,0,251,212,1,876,209,0,110,10,249,0
981,119,176,364,620,75,521,143,0,94,0,250,0
979,119,143,286,275,10,254,33,0,3,10,250,0
996,119,218,407,171,78,576,33,0,3,10,250,0
988,119,315,158,575,73,588,33,0,3,10,250,0
995,119,393,103,583,75,150,207,0,14,10,250,0
971,119,46,103,161,10,450,207,0,15,10,250,0
973,119,58,38,268,74,302,207,0,16,10,250,0
982,119,299,286,597,10,384,207,0,18,10,250,0
987,119,315,342,532,10,584,207,0,18,10,250,0
977,119,166,386,25,77,755,207,0,18,10,250,0
998,119,142,286,311,74,363,207,0,19,10,250,0
980,119,315,160,630,75,394,207,0,19,10,250,0
965,119,369,329,456,4,88,18,0,20,10,250,0
975,119,204,361,203,77,527,18,0,20,10,250,0
984,119,342,55,309,0,23,18,0,21,10,250,0
991,119,111,376,51,73,777,18,0,21,10,250,0
983,119,43,155,491,72,848,18,0,21,10,250,0
990,119,274,340,274,77,235,71,0,25,10,250,0
976,119,336,3,595,75,256,71,0,25,10,250,0
985,119,133,114,245,77,875,71,0,25,10,250,0
997,119,235,352,130,77,732,82,0,26,10,250,0
986,119,393,352,131,77,337,98,0,29,10,250,0
994,119,107,98,448,77,276,124,0,34,10,250,0
970,119,233,170,527,77,414,124,0,34,10,250,0
972,119,393,396,6,73,61,182,0,42,10,250,0
993,119,234,207,261,72,315,110,0,89,10,250,0
974,119,272,0,95,2,868,206,0,128,10,250,0
969,119,444,9,571,78,86,147,0,141,10,250,0
992,119,264,369,507,78,899,195,0,144,10,250,0
968,119,196,0,434,73,616,124,0,34,23,250,0
966,119,426,122,128,75,790,206,0,128,23,250,0
187,119,453,345,366,1,538,163,0,100,10,251,0
196,119,210,152,377,0,472,66,0,81,0,255,0
194,119,346,252,488,9,832,91,0,86,0,255,0
195,119,453,253,153,77,192,37,0,74,10,255,0
197,119,441,208,221,76,77,178,0,104,10,255,0
425,119,193,221,249,10,426,51,0,75,0,260,0
219,119,206,228,611,52,471,66,0,81,0,266,0
101,119,124,352,164,61,481,204,0,171,10,267,0
85,119,136,386,256,55,682,140,0,192,10,269,0
852,119,185,145,255,78,683,179,0,196,10,279,0
457,119,39,200,424,59,343,22,0,216,10,280,0
967,119,380,115,386,57,721,151,0,97,15,283,0
989,119,448,179,421,21,602,117,0,164,0,287,0
0,118,383,201,224,24,213,204,0,171,12,0,1
612,118,411,21,219,79,10,34,0,114,10,1,1
623,118,441,77,167,0,306,102,0,120,10,1,1
856,118,291,63,344,70,186,29,0,183,10,2,1
4,118,233,88,411,65,149,56,0,158,0,3,1
52,126,25,206,513,16,153,160,0,67,7,4,1
54,118,432,319,161,59,323,197,0,170,10,4,1
53,118,372,137,16,77,516,197,0,170,10,4,1
105,118,389,127,620,76,779,136,0,165,0,6,1
104,118,388,103,398,76,775,158,0,124,10,6,1
109,118,118,219,577,79,573,136,0,165,10,6,1
108,118,97,0,502,74,508,197,0,170,10,6,1
107,118,22,98,473,65,947,171,0,174,10,6,1
106,118,171,0,481,75,230,153,0,193,10,6,1
237,118,303,342,555,69,324,197,0,170,0,7,1
238,118,113,0,621,77,457,136,0,165,10,7,1
240,118,257,0,325,72,595,136,0,165,10,7,1
241,118,421,208,337,72,940,2,0,180,10,7,1
239,118,140,0,147,69,570,29,0,183,10,7,1
878,118,401,367,104,45,311,145,0,229,3,10,1
328,118,443,221,326,50,917,107,0,31,10,11,1
12,118,53,270,485,57,377,20,0,156,10,12,1
77,118,159,2,201,55,183,140,0,192,10,13,1
100,118,302,13,394,54,45,83,0,236,11,16,1
31,118,196,267,624,57,427,193,0,212,10,17,1
88,75,434,0,418,37,766,87,0,159,10,20,1
205,118,194,233,64,52,469,166,0,101,0,22,1
329,23,382,62,402,25,332,160,0,66,4,23,1
92,118,97,297,389,10,446,87,0,159,10,24,1
130,118,194,94,465,26,864,201,0,177,10,25,1
216,118,337,246,292,52,242,188,0,211,10,26,1
35,118,196,61,169,61,914,211,0,64,10,27,1
945,118,22,223,369,58,751,46,0,5,10,28,1
75,118,166,370,371,55,741,200,0,107,0,29,1
839,101,380,291,133,77,907,28,0,131,10,30,1
83,118,262,88,474,47,483,173,0,59,10,31,1
556,118,123,279,641,61,152,6,0,237,0,35,1
37,118,234,364,130,56,920,140,0,192,10,36,1
70,118,218,205,157,55,36,85,0,27,12,37,1
817,118,306,251,83,51,673,22,0,216,14,40,1
46,118,180,89,248,33,549,186,0,231,10,44,1
226,118,312,71,450,52,16,95,0,135,20,46,1
27,118,257,53,360,57,216,25,0,217,0,47,1
190,118,453,256,33,61,492,74,0,44,10,48,1
103,118,275,83,450,54,123,49,0,111,10,49,1
198,118,382,95,514,60,295,109,0,205,0,50,1
120,118,323,0,182,48,951,19,0,214,10,51,1
207,118,10,308,545,52,395,131,0,207,10,52,1
206,87,361,249,376,52,781,45,0,68,12,52,1
422,118,383,386,327,38,625,10,0,113,10,54,1
889,118,44,368,451,31,202,19,0,214,10,55,1
778,118,364,0,77,47,99,121,0,226,10,55,1
93,118,2,175,8,53,287,184,0,105,10,56,1
368,118,220,357,402,45,357,162,0,38,10,57,1
506,118,374,9,270,49,146,142,0,209,23,58,1
214,118,243,318,153,45,704,138,0,93,0,59,1
213,118,33,251,156,52,546,26,0,172,0,59,1
39,118,418,0,489,45,250,121,0,226,10,61,1
72,118,22,162,347,52,785,5,0,1,10,62,1
14,118,363,389,557,57,637,109,0,205,10,64,1
137,118,150,0,609,73,911,94,0,204,0,66,1
401,118,344,192,8,60,955,115,0,90,0,69,1
222,118,51,188,23,52,750,170,0,210,10,70,1
221,118,343,227,190,52,503,79,0,185,12,70,1
434,118,154,53,320,55,884,176,0,39,10,72,1
144,118,361,190,475,58,877,211,0,64,10,73,1
145,118,382,154,423,53,95,199,0,234,10,73,1
158,5,455,228,476,51,872,61,0,52,0,74,1
159,118,22,370,318,72,736,162,0,38,10,74,1
882,118,50,415,387,51,742,161,0,37,25,75,1
113,118,4,0,541,61,814,65,0,80,10,76,1
124,118,331,0,639,61,362,47,0,219,10,76,1
978,118,212,0,84,58,735,122,0,189,10,78,1
178,118,237,364,240,53,657,158,0,124,10,79,1
568,118,235,303,271,60,519,135,0,35,10,81,1
312,118,194,392,334,60,562,0,0,0,10,83,1
269,118,259,0,318,4,221,203,0,108,0,84,1
272,118,315,53,238,0,902,203,0,108,0,84,1
264,22,371,251,233,10,611,98,0,29,10,84,1
266,90,357,382,623,74,856,112,0,32,10,84,1
265,55,37,363,408,77,802,124,0,34,10,84,1
271,118,0,408,570,76,495,7,0,72,10,84,1
270,118,435,160,175,74,462,203,0,108,10,84,1
274,118,288,386,36,75,738,147,0,141,10,84,1
273,118,310,299,282,69,675,103,0,188,10,84,1
267,118,166,86,9,75,699,124,0,34,21,84,1
712,118,130,103,174,59,679,76,0,82,0,85,1
295,118,395,251,39,78,273,146,0,57,0,86,1
293,14,171,80,165,3,776,150,0,10,10,86,1
294,40,453,309,361,75,255,18,0,21,10,86,1
296,118,22,53,379,75,586,17,0,47,10,86,1
297,118,71,320,152,72,524,7,0,72,10,86,1
121,118,374,5,595,66,116,84,0,85,0,87,1
315,28,214,160,262,10,798,207,0,16,10,88,1
316,74,315,251,440,74,373,98,0,29,10,88,1
318,118,12,103,603,73,486,168,0,102,10,88,1
317,118,400,386,496,72,531,180,0,126,10,88,1
123,118,402,2,478,53,143,126,0,206,10,90,1
345,118,116,256,212,74,144,37,0,74,0,91,1
348,118,285,26,172,74,145,76,0,82,0,91,1
367,118,392,0,158,76,391,115,0,90,0,91,1
336,8,446,286,122,10,382,207,0,17,10,91,1
333,7,331,80,122,74,743,207,0,17,10,91,1
337,51,452,221,318,10,297,207,0,18,10,91,1
340,110,347,295,588,10,644,207,0,18,10,91,1
332,65,46,2,44,75,318,18,0,21,10,91,1
364,118,48,0,377,76,403,18,0,21,10,91,1
358,118,148,0,202,77,574,18,0,21,10,91,1
339,88,315,400,612,73,294,82,0,26,10,91,1
338,60,206,0,369,10,927,98,0,29,10,91,1
342,118,232,410,244,73,903,182,0,42,10,91,1
362,118,259,0,89,77,6,17,0,47,10,91,1
356,118,233,160,510,64,129,146,0,57,10,91,1
360,118,278,0,143,78,684,146,0,57,10,91,1
353,118,360,177,561,73,891,146,0,57,10,91,1
347,118,162,190,610,79,709,173,0,60,10,91,1
352,118,436,88,375,72,646,37,0,74,10,91,1
344,118,315,364,441,72,57,96,0,88,10,91,1
366,118,235,190,112,74,499,168,0,102,10,91,1
350,118,315,213,642,73,117,203,0,108,10,91,1
369,118,214,103,431,0,313,35,0,115,10,91,1
361,118,254,0,13,74,485,35,0,115,10,91,1
355,118,349,122,450,72,733,35,0,115,10,91,1
365,118,412,220,593,74,42,132,0,140,10,91,1
341,118,171,203,641,76,946,147,0,141,10,91,1
359,118,440,109,318,79,368,156,0,142,10,91,1
370,118,303,139,511,73,815,156,0,142,10,91,1
351,118,232,136,332,63,865,156,0,142,10,91,1
363,118,439,388,375,72,310,195,0,144,10,91,1
354,118,245,79,69,72,466,99,0,178,10,91,1
343,118,94,288,259,74,18,99,0,179,10,91,1
349,118,441,103,17,10,929,207,0,15,23,91,1
433,118,112,0,259,78,500,115,0,90,0,92,1
429,68,368,160,406,75,101,111,0,7,10,92,1
431,109,342,0,587,10,824,111,0,7,10,92,1
437,118,331,47,208,10,182,174,0,11,10,92,1
427,12,315,176,162,75,651,207,0,18,10,92,1
430,77,235,390,573,73,933,18,0,20,10,92,1
426,85,107,341,59,73,601,50,0,22,10,92,1
435,118,225,192,483,78,632,124,0,34,10,92,1
428,64,353,0,486,74,852,124,0,34,10,92,1
432,118,457,228,395,75,440,132,0,140,10,92,1
436,118,315,193,632,68,366,195,0,144,10,92,1
476,118,13,386,124,70,596,76,0,82,0,93,1
466,118,409,256,45,79,392,203,0,108,0,93,1
455,9,19,230,125,71,585,33,0,3,10,93,1
459,33,0,221,280,10,942,33,0,3,10,93,1
460,34,286,190,280,77,942,33,0,3,10,93,1
458,30,95,342,268,72,823,111,0,7,10,93,1
462,71,207,286,419,10,551,150,0,10,10,93,1
463,104,322,312,548,72,783,207,0,15,10,93,1
477,118,109,86,253,77,247,18,0,20,10,93,1
469,118,337,338,492,1,854,18,0,20,10,93,1
456,19,145,193,270,77,925,18,0,20,10,93,1
472,118,452,97,139,74,638,18,0,21,10,93,1
471,118,31,41,579,72,308,71,0,25,10,93,1
475,118,156,289,6,75,463,71,0,25,10,93,1
464,123,35,221,646,10,688,98,0,29,10,93,1
461,52,393,128,397,0,179,124,0,34,10,93,1
467,118,205,53,160,76,835,1,0,112,10,93,1
465,118,168,242,261,73,913,113,0,136,10,93,1
474,118,22,241,335,63,694,156,0,142,10,93,1
470,118,95,360,571,77,910,99,0,179,10,93,1
473,118,326,323,554,79,159,18,0,21,23,93,1
723,118,218,405,56,32,648,18,0,21,10,94,1
513,118,341,0,262,76,556,115,0,90,0,95,1
514,118,141,122,150,0,722,203,0,108,0,95,1
509,118,285,251,480,10,286,111,0,7,10,95,1
515,118,214,53,84,10,772,207,0,16,10,95,1
508,39,461,402,352,73,319,18,0,20,10,95,1
507,26,138,228,306,75,739,18,0,20,10,95,1
518,118,279,88,515,73,810,182,0,42,10,95,1
517,118,151,0,123,5,0,66,0,81,10,95,1
519,118,393,58,108,67,502,4,0,129,10,95,1
516,118,166,182,279,71,523,195,0,144,10,95,1
511,118,232,187,92,73,828,195,0,144,10,95,1
510,118,149,290,317,74,690,132,0,140,20,95,1
554,118,84,320,39,72,893,146,0,57,0,98,1
567,118,241,122,638,4,80,80,0,84,0,98,1
565,118,9,190,234,77,223,177,0,103,0,98,1
558,118,331,122,241,2,725,177,0,103,0,98,1
561,118,258,0,571,9,437,203,0,108,0,98,1
564,118,228,292,375,72,726,209,0,110,0,98,1
549,58,338,160,352,10,858,11,0,2,10,98,1
550,69,179,286,409,10,943,194,0,12,10,98,1
551,112,215,286,601,75,550,207,0,15,10,98,1
546,36,360,299,282,10,555,207,0,15,10,98,1
543,82,350,221,43,75,806,207,0,17,10,98,1
548,53,394,103,331,10,138,207,0,18,10,98,1
552,113,417,221,602,76,198,207,0,18,10,98,1
547,45,70,0,318,74,408,207,0,18,10,98,1
544,35,102,288,281,10,493,207,0,18,10,98,1
553,118,34,278,412,0,218,18,0,20,10,98,1
555,118,315,76,515,75,510,18,0,20,10,98,1
570,118,269,88,556,0,567,38,0,51,10,98,1
563,118,54,251,437,74,67,189,0,61,10,98,1
562,118,60,53,151,72,215,168,0,102,10,98,1
569,118,394,103,402,77,147,35,0,115,10,98,1
560,118,250,110,588,70,422,156,0,142,10,98,1
566,118,285,171,464,78,930,195,0,144,10,98,1
559,118,309,0,505,72,656,103,0,188,10,98,1
40,118,68,184,103,56,770,68,0,118,0,99,1
598,118,268,174,116,73,849,65,0,80,0,100,1
597,118,308,0,450,75,459,93,0,87,0,100,1
611,118,214,320,2,10,916,115,0,90,0,100,1
594,118,270,0,260,73,568,143,0,94,0,100,1
609,118,121,0,458,73,843,166,0,101,0,100,1
588,13,280,53,163,72,655,207,0,18,10,100,1
591,54,304,262,407,77,575,18,0,20,10,100,1
607,118,233,115,218,76,636,18,0,21,10,100,1
589,25,15,46,295,73,660,18,0,21,10,100,1
615,118,234,5,4,76,900,18,0,21,10,100,1
600,118,58,108,248,75,837,69,0,23,10,100,1
605,118,334,90,205,5,336,146,0,57,10,100,1
602,118,56,225,121,74,723,7,0,72,10,100,1
599,118,24,81,260,75,161,35,0,115,10,100,1
610,118,106,0,262,78,21,206,0,128,10,100,1
592,118,265,0,607,62,41,206,0,128,10,100,1
596,118,313,320,222,62,285,206,0,128,10,100,1
603,118,71,53,253,66,834,206,0,128,10,100,1
593,118,361,0,481,74,839,206,0,128,10,100,1
604,118,161,364,153,70,840,206,0,128,10,100,1
606,118,89,0,317,67,730,4,0,129,10,100,1
614,118,436,299,159,73,1,195,0,144,10,100,1
608,118,374,0,537,77,512,99,0,179,10,100,1
595,118,76,337,435,66,329,195,0,144,20,100,1
613,118,340,190,425,74,922,17,0,47,23,100,1
696,118,273,158,410,74,713,91,0,86,0,103,1
688,118,396,21,213,75,37,93,0,87,0,103,1
678,118,430,0,600,74,693,115,0,90,0,103,1
686,118,309,21,410,2,283,137,0,92,0,103,1
675,118,33,0,6,76,748,166,0,101,0,103,1
674,118,141,251,294,70,304,203,0,108,0,103,1
649,31,233,251,277,10,813,11,0,2,10,103,1
643,62,438,0,34,75,569,150,0,10,10,103,1
660,99,46,160,528,10,896,150,0,10,10,103,1
652,43,214,66,305,10,822,207,0,13,10,103,1
661,103,393,364,535,74,185,207,0,14,10,103,1
644,10,295,352,140,10,334,207,0,14,10,103,1
655,81,158,103,472,76,303,207,0,15,10,103,1
677,118,294,160,286,10,110,207,0,17,10,103,1
662,106,8,0,552,75,322,207,0,19,10,103,1
659,96,385,0,522,72,358,207,0,19,10,103,1
658,95,371,221,521,10,939,207,0,19,10,103,1
706,118,60,34,198,76,148,18,0,20,10,103,1
681,118,18,281,516,74,172,18,0,20,10,103,1
647,18,342,260,266,72,246,18,0,20,10,103,1
653,66,303,59,498,73,416,18,0,20,10,103,1
672,118,8,118,163,77,564,18,0,20,10,103,1
682,118,341,147,508,73,590,18,0,20,10,103,1
709,118,35,266,223,0,606,18,0,20,10,103,1
691,118,382,108,47,78,131,18,0,21,10,103,1
687,118,209,396,105,76,219,18,0,21,10,103,1
702,118,38,235,12,75,895,18,0,21,10,103,1
703,118,8,370,218,74,908,18,0,21,10,103,1
704,118,397,349,11,74,232,73,0,21,10,103,1
651,41,22,228,362,74,87,71,0,25,10,103,1
648,20,60,310,278,79,103,71,0,25,10,103,1
676,118,33,356,109,74,361,71,0,25,10,103,1
669,118,242,285,637,77,819,71,0,25,10,103,1
663,114,365,286,604,10,107,98,0,29,10,103,1
671,118,342,286,374,10,850,98,0,29,10,103,1
646,11,274,397,180,77,583,112,0,32,10,103,1
654,73,63,108,527,76,763,112,0,32,10,103,1
650,32,252,71,329,73,879,112,0,32,10,103,1
657,91,22,257,627,73,94,124,0,34,10,103,1
683,118,335,197,6,71,419,38,0,51,10,103,1
697,118,239,88,3,1,791,38,0,51,10,103,1
693,118,234,320,430,77,594,89,0,55,10,103,1
711,118,36,365,57,1,566,100,0,56,10,103,1
705,118,360,386,363,10,615,100,0,56,10,103,1
700,118,285,139,1,74,264,146,0,57,10,103,1
665,118,297,316,643,73,436,146,0,57,10,103,1
713,118,12,379,108,77,72,110,0,89,10,103,1
707,118,214,299,538,73,645,178,0,104,10,103,1
698,118,196,274,320,77,269,209,0,110,10,103,1
680,118,214,21,529,72,807,125,0,122,10,103,1
673,118,452,355,8,73,173,206,0,128,10,103,1
692,118,33,0,24,3,253,206,0,128,10,103,1
684,118,102,320,21,74,792,206,0,128,10,103,1
689,118,60,264,588,74,855,113,0,136,10,103,1
666,118,318,239,292,72,188,156,0,142,10,103,1
710,118,452,56,292,74,188,156,0,142,10,103,1
699,118,167,14,487,77,386,195,0,144,10,103,1
694,118,256,133,73,72,579,195,0,144,10,103,1
695,118,452,5,217,75,696,195,0,144,10,103,1
685,118,146,0,191,74,176,99,0,178,10,103,1
708,118,133,25,359,69,904,99,0,178,10,103,1
664,118,416,301,234,30,497,189,0,61,22,103,1
670,118,36,302,152,78,937,18,0,20,23,103,1
734,97,266,387,544,59,643,67,0,133,0,104,1
818,118,191,256,405,69,761,35,0,115,10,105,1
832,118,97,208,68,76,46,110,0,89,10,106,1
833,118,372,2,642,69,342,203,0,108,10,106,1
138,1,110,339,352,53,456,44,0,157,10,107,1
838,118,382,221,524,78,640,195,0,144,10,108,1
78,118,110,0,496,76,432,180,0,126,10,110,1
840,118,234,221,277,51,68,203,0,108,10,111,1
841,118,316,370,176,72,187,156,0,142,10,111,1
842,118,1,367,641,72,678,156,0,142,10,111,1
19,118,75,0,608,57,921,181,0,41,0,112,1
848,118,285,395,516,72,359,195,0,144,10,114,1
859,118,275,256,13,78,388,149,0,96,10,115,1
883,118,95,103,500,75,32,168,0,102,0,116,1
812,118,226,386,74,59,758,57,0,151,0,119,1
179,118,285,11,317,61,93,142,0,209,10,121,1
445,108,63,116,303,28,449,185,0,169,10,123,1
890,118,355,190,273,10,352,57,0,150,0,124,1
912,118,449,117,154,58,464,57,0,152,10,125,1
125,118,458,399,301,74,369,134,0,123,10,126,1
38,118,452,89,185,56,765,39,0,201,10,127,1
217,118,224,228,294,52,665,193,0,212,10,128,1
134,118,345,121,527,53,431,205,0,109,10,129,1
44,118,72,183,144,56,40,72,0,202,10,130,1
220,118,57,236,357,52,74,30,0,73,10,132,1
147,118,396,363,11,53,774,36,0,132,0,133,1
151,118,22,27,235,53,853,139,0,227,10,134,1
157,118,248,0,382,61,400,140,0,191,23,137,1
34,118,141,221,348,56,109,169,0,167,10,138,1
71,118,229,362,66,55,251,57,0,152,20,139,1
11,78,230,167,197,57,401,45,0,70,13,140,1
97,118,36,190,111,54,360,60,0,78,10,142,1
745,118,348,194,459,59,452,198,0,145,0,143,1
20,118,315,195,367,57,262,210,0,63,14,145,1
90,118,64,72,75,61,544,74,0,45,10,148,1
479,118,36,2,101,60,178,81,0,186,10,149,1
166,118,381,342,413,53,249,74,0,46,13,150,1
32,118,35,239,40,57,859,40,0,218,10,152,1
201,118,85,132,312,39,196,133,0,9,4,153,1
313,118,378,0,255,67,24,179,0,196,10,155,1
418,118,404,215,170,34,689,31,0,200,10,157,1
541,118,363,157,168,18,543,86,0,28,21,159,1
2,118,95,352,18,61,151,140,0,192,19,160,1
95,118,315,229,479,54,647,176,0,39,10,161,1
24,118,17,293,177,14,923,130,0,190,12,162,1
637,118,110,0,234,70,924,173,0,59,0,163,1
98,118,315,364,498,53,385,81,0,186,6,164,1
82,118,99,140,401,55,208,66,0,81,0,165,1
880,15,371,103,196,10,162,207,0,15,0,166,1
490,118,39,144,283,60,451,128,0,138,0,167,1
84,118,10,328,97,72,460,22,0,216,10,168,1
512,118,164,169,12,60,20,15,0,199,10,169,1
30,118,163,65,451,57,114,83,0,223,4,170,1
49,118,379,125,106,56,762,154,0,36,0,171,1
86,118,15,223,227,36,695,208,0,197,10,172,1
590,118,286,315,584,74,353,127,0,8,0,174,1
199,118,219,359,534,53,662,43,0,4,8,175,1
314,98,280,238,633,66,447,12,0,130,0,176,1
89,118,264,67,317,53,69,165,0,173,10,177,1
126,118,405,320,640,53,71,108,0,224,0,178,1
357,118,444,73,317,60,209,142,0,209,10,179,1
209,118,103,160,107,52,869,57,0,155,16,180,1
9,118,119,278,85,57,537,183,0,127,0,181,1
454,118,313,342,255,67,680,99,0,179,10,182,1
129,118,382,134,176,47,681,123,0,33,10,183,1
45,118,188,0,373,56,768,3,0,238,10,185,1
847,118,90,384,134,45,740,135,0,35,13,187,1
21,118,156,103,470,57,676,57,0,152,10,188,1
80,118,231,413,478,55,954,126,0,206,10,189,1
849,115,445,2,10,51,744,27,0,148,4,190,1
767,118,386,0,523,58,861,57,0,153,10,191,1
779,118,186,0,558,59,731,140,0,192,0,192,1
99,118,20,88,631,54,76,167,0,230,10,196,1
231,118,133,190,111,52,231,74,0,45,10,197,1
233,124,196,314,399,52,118,98,0,29,15,199,1
523,118,218,103,60,60,831,27,0,147,10,200,1
50,118,370,237,287,56,8,54,0,117,0,201,1
257,118,411,259,547,27,277,14,0,213,0,202,1
212,122,218,161,539,30,380,18,0,21,7,202,1
224,118,90,373,568,29,769,150,0,10,10,202,1
246,118,420,105,311,40,563,57,0,153,10,202,1
235,118,421,8,70,48,102,169,0,167,10,202,1
290,118,183,12,536,43,729,206,0,128,10,203,1
223,118,172,394,27,38,190,106,0,162,0,204,1
334,118,330,218,78,35,402,201,0,177,17,204,1
327,118,339,228,4,51,261,59,0,222,10,206,1
667,118,3,64,204,20,83,92,0,187,23,207,1
208,118,407,247,499,51,518,18,0,21,18,208,1
419,24,240,345,468,17,514,160,0,65,10,209,1
420,118,122,0,263,74,29,206,0,128,10,209,1
91,118,249,325,559,54,44,175,0,143,0,210,1
923,118,324,78,55,57,355,57,0,150,10,213,1
641,118,303,241,429,50,796,90,0,134,0,214,1
934,118,73,307,433,57,22,199,0,234,15,216,1
73,3,50,221,321,55,701,27,0,149,15,217,1
136,118,126,52,199,52,351,166,0,101,0,218,1
826,118,52,221,454,78,199,203,0,108,0,219,1
821,67,278,342,406,22,812,111,0,7,10,219,1
822,105,46,2,551,10,712,98,0,29,10,219,1
828,118,161,10,6,76,309,38,0,51,10,219,1
825,118,442,386,62,72,957,89,0,55,10,219,1
824,118,185,342,437,72,935,1,0,112,10,219,1
827,118,210,29,391,1,228,147,0,141,10,219,1
139,118,298,342,221,76,612,178,0,104,10,222,1
18,118,392,160,210,56,548,144,0,228,10,223,1
850,118,296,164,61,76,867,71,0,25,10,224,1
148,118,191,256,155,69,949,91,0,86,0,227,1
853,118,61,112,460,43,191,31,0,200,0,228,1
854,118,432,0,88,65,887,35,0,115,10,228,1
153,118,315,25,81,79,90,91,0,86,0,229,1
152,89,214,88,322,54,243,88,0,203,10,229,1
866,102,388,0,535,10,185,207,0,14,10,230,1
865,94,145,268,521,78,553,207,0,19,10,230,1
862,16,203,348,257,76,599,18,0,20,10,230,1
864,49,97,269,385,78,258,18,0,21,10,230,1
870,118,244,0,498,1,875,71,0,25,10,230,1
863,42,315,122,305,73,211,98,0,29,10,230,1
868,118,334,53,424,10,724,98,0,29,10,230,1
869,118,293,295,285,74,572,38,0,51,10,230,1
160,118,441,342,135,78,889,163,0,100,10,231,1
227,118,277,243,114,51,448,21,0,215,0,232,1
881,118,370,346,71,28,257,63,0,79,1,233,1
162,118,396,21,212,77,956,137,0,92,10,234,1
886,61,67,0,455,3,526,71,0,25,10,235,1
887,118,205,0,153,73,851,99,0,179,10,235,1
169,118,131,371,110,79,838,66,0,81,0,236,1
167,118,275,256,232,2,778,65,0,80,10,236,1
229,118,403,403,343,44,241,116,0,137,0,237,1
893,72,331,400,518,75,168,18,0,20,10,238,1
894,118,117,0,124,10,505,98,0,29,10,238,1
895,118,380,222,349,50,756,3,0,238,10,238,1
501,50,390,190,404,59,504,187,0,168,0,239,1
790,118,453,299,317,59,43,137,0,92,10,240,1
28,118,54,49,248,61,534,57,0,150,10,241,1
899,118,387,228,527,73,706,18,0,21,10,242,1
897,92,27,405,629,76,407,50,0,22,10,242,1
896,6,303,400,144,77,894,69,0,23,10,242,1
898,118,285,244,629,77,279,99,0,179,10,242,1
173,118,405,277,603,52,321,74,0,44,10,243,1
174,118,326,320,20,76,73,66,0,81,10,243,1
175,118,115,147,441,74,811,209,0,110,10,243,1
910,70,371,160,416,10,517,207,0,19,3,244,1
909,57,315,353,351,74,441,207,0,17,10,244,1
911,93,47,286,520,10,545,207,0,19,10,244,1
908,47,141,332,383,0,716,50,0,22,10,244,1
914,118,315,13,176,46,293,19,0,214,10,244,1
913,118,93,0,53,52,692,19,0,214,10,244,1
801,118,415,370,455,59,207,70,0,24,0,245,1
180,118,91,160,392,55,890,195,0,144,10,246,1
919,29,214,122,265,10,714,150,0,10,10,247,1
921,59,49,0,358,73,314,207,0,14,10,247,1
920,38,211,146,350,75,557,50,0,22,10,247,1
146,118,110,370,248,59,915,176,0,40,10,248,1
955,118,315,0,320,70,299,65,0,80,0,250,1
931,27,303,260,259,49,870,33,0,3,10,250,1
936,48,301,299,318,78,121,111,0,7,10,250,1
953,118,78,103,601,10,501,207,0,13,10,250,1
944,117,414,21,616,10,703,207,0,13,10,250,1
930,21,454,272,226,72,387,207,0,14,10,250,1
950,118,372,385,239,73,133,207,0,15,10,250,1
940,84,342,336,501,10,654,207,0,15,10,250,1
928,2,233,53,84,10,772,207,0,16,10,250,1
957,118,57,331,272,75,120,207,0,17,10,250,1
941,100,144,139,532,10,584,207,0,18,10,250,1
949,118,441,190,340,10,175,207,0,19,10,250,1
929,17,441,342,207,10,578,207,0,19,10,250,1
942,107,132,124,575,10,672,207,0,19,10,250,1
937,56,427,53,339,10,926,207,0,19,10,250,1
959,118,303,313,309,78,245,18,0,20,10,250,1
932,37,196,7,341,69,326,18,0,20,10,250,1
948,118,303,0,531,7,330,18,0,20,10,250,1
961,118,166,6,589,72,410,18,0,21,10,250,1
960,118,421,280,65,73,948,18,0,21,10,250,1
952,118,400,3,0,73,317,71,0,25,10,250,1
964,118,382,198,231,72,338,71,0,25,10,250,1
935,46,301,326,381,79,59,82,0,26,10,250,1
954,118,342,371,474,74,312,82,0,26,10,250,1
947,118,374,320,494,10,30,98,0,29,10,250,1
933,44,351,0,311,10,224,98,0,29,10,250,1
939,83,125,286,495,10,629,98,0,29,10,250,1
943,111,74,286,594,10,698,98,0,29,10,250,1
938,63,2,88,388,10,780,98,0,29,10,250,1
946,118,194,320,182,72,240,168,0,102,10,250,1
958,118,83,0,238,75,627,209,0,110,10,250,1
962,118,115,0,454,77,266,125,0,122,10,250,1
963,118,218,381,419,64,233,113,0,136,10,250,1
951,118,36,0,128,73,790,206,0,128,23,250,1
188,118,116,256,608,78,167,37,0,74,0,253,1
268,118,331,189,512,70,928,176,0,39,10,254,1
193,118,71,126,317,74,919,37,0,74,0,255,1
189,118,23,0,64,76,605,37,0,74,10,255,1
191,118,127,364,58,74,511,163,0,100,10,255,1
192,118,400,53,31,75,381,134,0,123,10,255,1
236,118,192,370,38,53,425,9,0,198,0,256,1
202,118,304,241,91,52,155,169,0,167,2,257,1
36,118,95,91,586,55,439,192,0,106,0,258,1
901,118,389,254,462,57,474,57,0,151,7,259,1
424,80,95,51,579,71,414,124,0,34,10,260,1
379,118,98,93,533,59,842,57,0,155,3,261,1
13,118,391,0,333,60,482,83,0,223,0,262,1
96,76,255,217,313,53,525,45,0,69,25,263,1
48,116,382,221,517,55,677,27,0,146,3,264,1
16,118,421,143,47,56,259,76,0,82,0,265,1
102,118,259,103,297,53,697,95,0,135,10,268,1
823,118,411,48,214,58,634,74,0,45,10,270,1
279,120,55,232,199,41,554,141,0,208,10,271,1
557,118,382,262,317,60,393,53,0,220,13,272,1
601,118,248,96,381,33,830,199,0,233,4,273,1
33,118,95,0,599,56,650,83,0,223,10,274,1
292,118,97,212,269,50,64,140,0,192,2,275,1
127,79,246,202,526,52,78,45,0,69,10,276,1
42,121,32,228,563,55,536,18,0,20,10,277,1
412,118,373,0,469,42,365,105,0,161,10,278,1
23,118,166,331,267,56,565,57,0,154,10,281,1
79,118,248,334,604,60,164,56,0,158,10,282,1
172,118,361,374,447,52,520,176,0,40,10,284,1
230,86,413,210,432,28,841,45,0,71,13,285,1
234,118,16,258,136,51,49,152,0,98,0,286,1
301,119,251,250,415,15,844,204,0,171,10,19,2
816,119,342,0,374,11,220,98,0,29,10,103,2
814,119,65,88,308,11,98,115,0,90,0,103,3
815,119,57,0,414,11,598,98,0,29,10,103,3
232,119,133,202,111,53,421,74,0,43,10,197,4
421,119,240,345,468,18,27,24,0,49,4,209,4
335,119,57,103,567,61,918,114,0,163,0,156,5
534,119,440,379,482,12,340,57,0,150,0,252,5
135,119,327,209,445,13,880,6,0,237,10,151,6
